"다른 사람과 일할 때 본인이 신경 쓰는 부분은 무엇인가요?","히히 똥","terminate"
"지원 직무와 관련된 최근 이슈 중 관심 있게 본 것이 있다면?","요즘 AI가 핫해서 관련 뉴스 많이 보고 있습니다.","terminate"
"지원 직무와 관련된 최근 이슈 중 관심 있게 본 것이 있다면?","대형 언어 모델이 개인정보와 연계될 수 있다는 윤리 이슈에 대한 논쟁을 깊이 있게 살펴봤습니다.","continue"
"기억에 남는 프로젝트는 어떤 것이 있었나요?","다 기억에 남지만 특별히 떠오르는 건 없습니다.","terminate"
"기억에 남는 프로젝트는 어떤 것이 있었나요?","장애인 대상 웹 접근성 향상 프로젝트에서 실제 사용자 피드백을 받아 수정했던 경험이 가장 기억에 남습니다.","continue"
"기억에 남는 프로젝트는 어떤 것이 있었나요?","우따따따따따따","terminate"
"업무 처리 속도보다 더 중요한 것이 있다면 무엇이라고 생각하나요?","정확한 것도 중요하지만 저는 속도가 우선이라고 생각합니다.","terminate"
"업무 처리 속도보다 더 중요한 것이 있다면 무엇이라고 생각하나요?","속도보다는 안정성과 재사용성 확보가 우선이라는 점을 경험으로 체득했습니다.","continue"
"어떤 피드백이 본인의 성장에 영향을 줬나요?","좀 더 적극적으로 하라는 말을 들은 적이 있습니다.","terminate"
"어떤 피드백이 본인의 성장에 영향을 줬나요?","결과를 수치화하라는 피드백을 받고 모든 프로젝트에 지표를 추가했습니다.","continue"
"일정을 맞추기 위해 어떤 전략을 세우시나요?","그냥 무조건 빨리 하려고 노력합니다.","terminate"
"일정을 맞추기 위해 어떤 전략을 세우시나요?","오늘 날씨가 좋네요, 좋은하루 되세요 감기 조심하시구요 사랑해요","terminate"
"일정을 맞추기 위해 어떤 전략을 세우시나요?","우선순위와 작업량을 기준으로 일정 계획을 세우고, 병목 발생 시 조정 가능한 항목을 리스트업합니다.","continue"
"다른 사람과 일할 때 본인이 신경 쓰는 부분은 무엇인가요?","말을 너무 세게 하지 않으려고 노력합니다.","terminate"
"다른 사람과 일할 때 본인이 신경 쓰는 부분은 무엇인가요?","상대방의 역할과 스케줄을 먼저 파악하고, 의사소통 시 용어와 배경지식 수준을 고려하려고 합니다.","continue"
"팀워크를 발휘한 경험을 말씀해주세요.","같은 조의 친구들과 함께 과제를 하면서 협력했던 기억이 있습니다.","terminate"
"팀워크를 발휘한 경험을 말씀해주세요.","개발 중 백엔드-프론트 간 충돌이 있어 회의록을 정리하며 이슈를 정리했고, 결과적으로 프로젝트 마감 일정을 지킬 수 있었습니다.","continue"
"본인의 의사소통 방식은 어떤 편인가요?","어... 그냥 말하는 편입니다.","terminate"
"본인의 의사소통 방식은 어떤 편인가요?","객관적 근거와 감정 분리를 바탕으로 논리적인 구조로 전달하려고 합니다.","continue"
"최근 읽은 책이나 콘텐츠 중 인상 깊었던 것이 있다면?","책은 안 읽어요.","terminate"
"최근 읽은 책이나 콘텐츠 중 인상 깊었던 것이 있다면?","'넛지'를 읽으며 정책 설계에서 인간 행동을 어떻게 유도할 수 있는지에 대해 인사이트를 얻었습니다.","continue"
"자신이 맡은 일 중 가장 도전적이었던 경험은 무엇인가요?","군대요.","terminate"
"자신이 맡은 일 중 가장 도전적이었던 경험은 무엇인가요?","파랑 피크민이 좋아 빨강 피크민이 좋아? 키키키킼ㅋㅋ","terminate"
"자신이 맡은 일 중 가장 도전적이었던 경험은 무엇인가요?","서비스 기획과 프론트 구현을 동시에 맡아 일정 조율과 우선순위 판단이 필요했던 프로젝트가 있었습니다.","continue"
"직무 역량을 향상시키기 위해 평소 어떤 노력을 하고 계신가요?","유튜브나 블로그 보면서 틈틈이 공부하고 있어요.","terminate"
"직무 역량을 향상시키기 위해 평소 어떤 노력을 하고 계신가요?","한 달에 한 번씩 토이 프로젝트를 하고, 기술 블로그에 글을 남기며 학습한 내용을 정리하고 있습니다.","continue"
"주어진 업무 외에 자발적으로 시도한 활동이 있다면 말씀해주세요.","지시받은 일 외에는 잘 안 해봤습니다.","terminate"
"주어진 업무 외에 자발적으로 시도한 활동이 있다면 말씀해주세요.","아니 내가 어제 똥을 쌋는데 푸짐하게 쌋단말이야? ㅋㅋㅋㅋ 근데 개쩔게 싸서 이게 나라인가?? 싶었다가 똥!! 뿌짂!!! 히히힣","terminate"
"주어진 업무 외에 자발적으로 시도한 활동이 있다면 말씀해주세요.","고객 사용성 분석을 위해 로그 데이터를 기반으로 유입 경로를 시각화한 리포트를 자발적으로 제작했습니다.","continue"
"고객의 불만을 접했을 때 어떻게 대처했나요?","몰라요. 그냥 넘어갔어요.","terminate"
"고객의 불만을 접했을 때 어떻게 대처했나요?","CS업무 시 반복되는 민원 유형을 정리하고 매뉴얼화해, 이후 대응 속도와 정확도를 높였습니다.","continue"
"업무 중 예상치 못한 문제가 발생했을 때 어떻게 대처했나요?","예상치 못한 문제가 발생했을 때 저는 먼저 문제의 이유를 찾고, 분석하였습니다. 예를들어 팀프로젝트 중 문제가 발생했을 떄....","continue"
"시간이 부족한 프로젝트에서 어떻게 우선순위를 정하셨나요?","처음에는 모든 기능을 동시에 진행하려다 보니 진도가 안 나가더라고요. 그래서 팀원들과 회의를 통해 꼭 필요한 핵심 기능만 추려서 MoSCoW 기법으로 Must, Should, Could를 나누고, 남은 시간 안에 Must 기능부터 끝내자는 전략을 세웠습니다. 그 결과 필수 기능을 안정적으로 배포할 수 있었습니다.","continue"
"시간이 부족한 프로젝트에서 어떻게 우선순위를 정하셨나요?","일단 되는 대로 막 진행했는데, 결국엔 운 좋게 마무리됐습니다. 사실 별 전략은 없었어요.","terminate"
"처음 맡은 기술 스택이 낯설었을 때 어떻게 학습했나요?","Spring Boot를 처음 접했을 때는 막막했지만 공식 문서를 읽으면서 기본 예제를 직접 따라 해봤습니다. 이후에는 간단한 CRUD 게시판 프로젝트를 만들어보면서 에러가 나면 구글링하고 팀 선배에게 피드백을 받아가며 익혔습니다. 이 과정에서 단순히 문법을 아는 것보다, 프로젝트 구조를 이해하는 게 중요하다는 걸 깨달았습니다.","continue"
"처음 맡은 기술 스택이 낯설었을 때 어떻게 학습했나요?","그냥 유튜브 몇 개 보고 알겠지 하고 넘어갔습니다. 자세히 공부하지는 않았어요.","terminate"
"기억에 남는 피드백이 있다면 말씀해주세요.","인턴 때 발표 자료를 만들었는데, 상사가 '단순히 결과만 나열하지 말고 수치와 지표로 근거를 제시하라'고 하셨습니다. 그 후로는 결과 보고서마다 그래프와 통계를 넣으려고 노력했고, 실제로 팀의 이해도가 크게 올라갔다는 피드백을 받았습니다.","continue"
"기억에 남는 피드백이 있다면 말씀해주세요.","그냥 열심히 하라는 말을 들은 적이 있는데, 사실 크게 도움은 안 됐습니다.","terminate"
"본인의 의사소통 방식은 어떤 편인가요?","저는 회의할 때 제 생각만 말하기보다는 먼저 다른 사람들의 의견을 메모하며 듣는 편입니다. 이후 정리된 안건을 기반으로 제 의견을 논리적으로 덧붙입니다. 이렇게 하면 불필요한 충돌을 줄일 수 있었고, 실제로 팀장님께서 협업에 긍정적이라는 평가를 주셨습니다.","continue"
"본인의 의사소통 방식은 어떤 편인가요?","그냥 상황 봐서 말하기도 하고 안 하기도 해요. 특별한 스타일은 없습니다.","terminate"
"기술 트렌드를 어떻게 따라가고 있나요?","작년에는 AI 관련 세미나와 밋업에 3번 참석했습니다. 단순히 발표를 듣는 게 아니라, 세션 후 발표자에게 직접 질문하면서 최신 기술이 실제 기업에서 어떻게 적용되는지 배우려 했습니다. 또한 기술 블로그를 RSS로 모아두고, 관심 있는 주제를 월 1회 팀 스터디에서 공유하고 있습니다.","continue"
"기술 트렌드를 어떻게 따라가고 있나요?","유튜브에서 가끔 신기한 영상 보면 아 이런 게 있구나 하고 넘깁니다.","terminate"
"비슷한 포지션의 다른 지원자들과 본인을 차별화할 수 있는 점은 무엇인가요?","저는 프로젝트에서 단순히 개발만 하지 않고, 문제를 정리하고 문서화하는 것을 습관처럼 했습니다. 예를 들어, 팀에서 발생한 API 병목 문제를 원인-대응-재발 방지로 정리해서 공유했는데, 덕분에 이후 비슷한 문제가 생겼을 때 바로 문서를 참고해 시간을 단축할 수 있었습니다. 이런 점이 생산성 측면에서 강점이라고 생각합니다.","continue"
"비슷한 포지션의 다른 지원자들과 본인을 차별화할 수 있는 점은 무엇인가요?","열심히 하고 싶은 마음 하나는 누구보다 강합니다. 그것만으로도 충분히 경쟁력이 있다고 생각합니다.","terminate"
"이 직무를 선택한 계기는 무엇인가요?","사용자에게 직접적인 가치를 주는 서비스를 만들고 싶었습니다. 대학교 때 진행한 졸업 프로젝트에서 시각장애인을 위한 웹 접근성 개선 기능을 구현했는데, 실제 사용자로부터 '이 기능이 정말 도움이 된다'는 피드백을 받은 경험이 있습니다. 그때부터 제 개발 역량이 사람들의 삶에 도움이 될 수 있다는 확신이 생겨 이 직무를 선택했습니다.","continue"
"이 직무를 선택한 계기는 무엇인가요?","주변에서 너랑 잘 맞을 거라고 해서 그냥 선택했습니다.","terminate"
"팀워크를 발휘한 경험을 말씀해주세요.","교내 해커톤에서 백엔드 담당으로 참여했는데, 프론트엔드 팀과 API 연동에서 충돌이 생겼습니다. 제가 회의록을 정리해 요구사항을 명확히 하고, 우선순위를 다시 맞추자 일정이 정상화됐습니다. 그 결과 1등은 못 했지만 완성도 높은 결과물을 제출할 수 있었고, 팀원들과의 신뢰가 깊어졌습니다.","continue"
"팀워크를 발휘한 경험을 말씀해주세요.","대학교 조별과제에서 그냥 친구들이랑 같이 했던 게 기억납니다. 딱히 특별한 건 없습니다.","terminate"
"최근 읽은 책이나 콘텐츠 중 인상 깊었던 것이 있다면?","최근에 『클린 아키텍처』를 읽었습니다. 단순히 코드를 짜는 게 아니라, 유지보수성과 확장성을 고려해야 한다는 점을 배웠습니다. 실제로 이후 토이 프로젝트에서 계층형 아키텍처를 적용해봤고, 기능 추가 시 수정 범위가 줄어드는 걸 체감할 수 있었습니다.","continue"
"최근 읽은 책이나 콘텐츠 중 인상 깊었던 것이 있다면?","요즘은 자기계발서 위주로 보고 있는데, 그냥 보면 동기부여가 되더라고요.","terminate"
"직무 관련해서 따로 공부한 경험이 있나요?","대학교 수업 외에도 데이터 크롤링을 배우고 싶어서 Python으로 네이버 뉴스 크롤러를 직접 만들었습니다. 처음에는 BeautifulSoup 문법조차 잘 몰라 시행착오가 많았는데, 일주일 동안 에러를 해결하며 자동으로 기사를 수집하는 프로그램을 완성했습니다. 이 경험 덕분에 단순히 문법 학습을 넘어서 문제 해결 능력을 키울 수 있었습니다.","continue"
"직무 관련해서 따로 공부한 경험이 있나요?","시간 날 때마다 인터넷 검색을 통해 필요한 내용을 조금씩 봤습니다. 여러 블로그나 글들을 읽기는 했는데 정리하지 않았고 그냥 머릿속에 남겨두는 정도라 깊이 있게 배운 건 없습니다. 그래도 공부하려는 마음은 늘 있었습니다.","terminate"
"이 직무를 선택한 계기는 무엇인가요?","대학 시절 사용자 중심 서비스 개발 프로젝트를 하면서 큰 보람을 느꼈습니다. 특히 장애인 웹 접근성 기능을 구현했을 때 실제 사용자가 '이 기능이 있어 편리하다'고 말씀해주셨는데, 제 개발 역량이 사회에 기여할 수 있다는 확신이 생겼습니다. 이런 경험이 쌓여 사용자 경험을 중시하는 이 직무를 선택하게 되었습니다.","continue"
"이 직무를 선택한 계기는 무엇인가요?","어떤 직업을 가질지 고민이 많았지만 결국 친구들이랑 이야기하다가 이쪽이 괜찮을 것 같다고 생각했습니다. 사실 정확히 어떤 일을 하는지 다 알지는 못했지만 안정적으로 보이고 주변에서도 괜찮다 해서 선택했습니다. 특별히 깊은 이유는 없습니다.","terminate"
"기술 트렌드를 어떻게 따라가고 있나요?","작년에는 클라우드 관련 기술 블로그를 꾸준히 구독하면서 AWS에서 새로 나온 기능들을 따라갔습니다. 예를 들어 Lambda 아키텍처 개선 사례를 읽고 직접 토이 프로젝트에 적용해보기도 했습니다. 또 온라인 세미나에 참여해 실무자들의 적용기를 들으며 '이건 우리 프로젝트에도 쓸 수 있겠다'는 아이디어를 얻기도 했습니다.","continue"
"기술 트렌드를 어떻게 따라가고 있나요?","요즘은 SNS, 뉴스 기사, 유튜브를 통해 여기저기서 새로운 기술 소식이 나오니까 그냥 접하기는 합니다. 하지만 제가 직접 공부를 하거나 정리하는 건 아니고, 주변에서 화제가 되면 '아 그렇구나' 정도로만 알고 넘어가는 편입니다. 나중에 필요하면 더 자세히 보자는 생각으로만 지내고 있습니다.","terminate"
"팀워크를 발휘한 경험을 말씀해주세요.","졸업 프로젝트 때 프론트엔드와 백엔드 간의 API 명세 불일치로 큰 혼선이 있었습니다. 제가 중간에 회의록을 작성하고 Swagger를 통해 명세를 문서화한 뒤 공유했습니다. 덕분에 팀원들이 같은 기준으로 개발할 수 있었고, 일정 지연을 막을 수 있었습니다. 이 경험은 제가 협업에서 커뮤니케이션을 얼마나 중요하게 생각하는지를 잘 보여줍니다.","continue"
"팀워크를 발휘한 경험을 말씀해주세요?","예전에 조별과제를 할 때 다들 바빠서 모이기 어려웠는데 저는 그냥 맡은 부분만 했습니다. 사실 다 같이 하는 게 쉽지는 않았지만 결과적으로 제출은 했고 성적도 나쁘지 않았습니다. 그렇게 경험한 게 제 협업 경험이라고 할 수 있습니다. 특별히 배운 점은 잘 모르겠습니다.","terminate"
"문제가 반복적으로 발생했을 때 어떻게 개선했나요?","이전 인턴십에서 로그인이 자주 실패하는 문제가 있었습니다. 단순히 수정을 반복하기보다, 에러 로그를 수집해 패턴을 분석했습니다. 그 결과 세션 만료 로직이 원인이었음을 파악했고, 토큰 재발급 구조를 개선하여 같은 오류가 재발하지 않도록 했습니다. 이후 같은 유형의 이슈가 70% 이상 줄어들었습니다.","continue"
"문제가 반복적으로 발생했을 때 어떻게 개선했나요?","에러가 계속 생기긴 했지만 일단 발생할 때마다 검색해서 해결했습니다. 어떤 원인 때문인지 깊게 파악하지는 못했고, 그냥 눈앞의 문제만 해결하다 보니 반복적으로 또 생기더라도 그때그때 처리하는 방식으로 넘어갔습니다. 근본적인 해결까지는 하지 못했습니다.","terminate"
"업무 중 스트레스를 받을 때 어떻게 해소하나요?","저는 스트레스가 쌓이면 혼자 기록하는 습관을 갖고 있습니다. 어떤 상황에서 스트레스를 느꼈는지 일지를 작성하고, 일의 강도를 조정할 수 있는 부분을 체크합니다. 실제로 학기 중 프로젝트 때 이 방법을 활용해 과부하된 업무를 분담해 해결할 수 있었고, 팀 분위기도 한결 나아졌습니다.","continue"
"업무 중 스트레스를 받을 때 어떻게 해소하나요?","스트레스가 쌓이면 그냥 친구들이랑 이야기하거나 잠을 많이 잡니다. 특별히 방법을 정해놓진 않았고 그때그때 기분에 따라 다릅니다. 그래서 일할 때 스트레스가 생기면 그냥 참고 넘어가는 경우도 많습니다.","terminate"
"본인의 장점을 한 가지 말씀해주세요.","저는 문서 정리와 버전 관리에 강점이 있습니다. 실제로 학부 연구 프로젝트에서 소스코드 버전을 체계적으로 관리한 덕분에 팀원들이 협업할 때 충돌이 줄었고, 보고서 작성 시간도 단축되었습니다. 팀원들로부터 '덕분에 작업이 훨씬 수월하다'는 피드백을 받은 적이 있습니다.","continue"
"본인의 장점을 한 가지 말씀해주세요.","저의 장점은 긍정적인 마음가짐이라고 생각합니다. 어떤 상황에서도 긍정적으로 임하면 결국 잘 풀린다고 믿습니다. 특별히 구체적인 사례가 떠오르지는 않지만 늘 긍정적이려고 합니다. 이런 마음가짐 자체가 큰 강점이라고 생각합니다.","terminate"
"고객의 불만을 접했을 때 어떻게 대처했나요?","CS 아르바이트를 할 때 같은 유형의 민원이 반복되는 걸 발견했습니다. 그래서 자주 발생하는 질문과 답변을 매뉴얼화해서 신입 직원들과 공유했습니다. 덕분에 이후 비슷한 불만이 들어왔을 때 빠르고 일관성 있게 대응할 수 있었고, 실제로 고객 만족도가 개선되었다는 보고가 있었습니다.","continue"
"고객의 불만을 접했을 때 어떻게 대처했나요?","손님이 불만을 제기하면 죄송하다고 말씀드리고 그냥 이해를 구했습니다. 구체적인 해결책을 내놓은 건 아니었고, 그냥 분위기를 무마하는 수준이었습니다. 다행히 대부분 넘어가시긴 했지만 근본적인 개선은 못했습니다.","terminate"
"직무 역량을 향상시키기 위해 평소 어떤 노력을 하고 계신가요?","저는 매달 한 번씩 작은 토이 프로젝트를 진행합니다. 최근에는 영화 리뷰 데이터를 크롤링해서 감성 분석 모델을 만들어봤습니다. 이를 제 블로그에 정리하며 학습한 내용을 공유했고, 다른 개발자들과 피드백을 주고받으며 역량을 키웠습니다.","continue"
"직무 역량을 향상시키기 위해 평소 어떤 노력을 하고 계신가요?","틈날 때마다 유튜브나 블로그를 보면서 새로운 기술을 접하고 있습니다. 하지만 깊게 정리하거나 실제로 써본 경험은 적습니다. 그래도 계속 보려고 노력하고 있습니다.","terminate"
"주어진 업무 외에 자발적으로 시도한 활동이 있다면 말씀해주세요.","인턴 기간 동안 로그 데이터를 분석해 고객 유입 경로를 시각화한 리포트를 자발적으로 제작했습니다. 이 자료는 팀 내부 회의에서 활용되어 마케팅 방향성을 재정비하는 데 도움이 되었습니다.","continue"
"주어진 업무 외에 자발적으로 시도한 활동이 있다면 말씀해주세요.","지시받은 업무 외에는 크게 시도해본 게 없습니다. 시키는 일만 해도 벅찼던 때가 많아서 그냥 주어진 일에만 집중했습니다. 그래서 특별히 말할 건 없습니다.","terminate"
"직무 관련해서 따로 공부한 경험이 있나요?","데이터 엔지니어링에 관심이 있어서 혼자 ETL 파이프라인을 구현해봤습니다. Python으로 크롤링한 데이터를 MySQL에 적재하고, Airflow로 스케줄링을 설정했습니다. 처음엔 설정 오류로 파이프라인이 멈췄지만, 로그를 추적하면서 문제를 해결했습니다. 이 경험을 통해 단순 코딩을 넘어서 데이터 흐름을 관리하는 감각을 익혔습니다.","continue"
"직무 관련해서 따로 공부한 경험이 있나요?","히히 똥! 아무튼 인터넷 보면 다 나오더라고요. 그래서 공부할 게 따로 없었습니다.","terminate"
"이 직무를 선택한 계기는 무엇인가요?","인턴 기간 동안 사용자가 불편해하는 기능을 직접 개선한 적이 있습니다. 당시 고객센터에 들어온 불만 중 '검색 속도가 너무 느리다'는 피드백이 많았는데, 캐싱 구조를 제안해 실제 검색 속도를 40% 개선했습니다. 그 경험이 제게 큰 성취감을 줬고, 결국 이 직무를 선택하는 계기가 되었습니다.","continue"
"이 직무를 선택한 계기는 무엇인가요?","날씨가 좋네! 그래서 개발자가 되면 기분이 좋을 것 같아서 그냥 선택했습니다.","terminate"
"기술 트렌드를 어떻게 따라가고 있나요?","저는 관심 있는 분야를 정해 매주 기술 뉴스레터를 읽습니다. 최근에는 AI 모델 최적화에 관한 글을 보고 직접 Hugging Face 튜토리얼을 따라 하며 실습했습니다. 단순히 읽는 것에서 끝내지 않고 코드에 적용해보는 습관이 있습니다.","continue"
"기술 트렌드를 어떻게 따라가고 있나요?","요즘은 그냥 인터넷 돌아다니다가 광고 보면 아 이런 게 있구나 합니다. 근데 사실 기억이 잘 안 나요.","terminate"
"팀워크를 발휘한 경험을 말씀해주세요.","교내 산학협력 프로젝트에서 팀 내 갈등이 생긴 적이 있습니다. 프론트엔드와 백엔드가 일정 차질로 서로 불만이 많았는데, 제가 중간에서 회의록을 작성하고 우선순위를 재조정했습니다. 그 결과 마감 일정을 지킬 수 있었고, 발표도 성공적으로 끝낼 수 있었습니다.","continue"
"팀워크를 발휘한 경험을 말씀해주세요.","다 같이 화이팅 하면 되는 거 아니에요? 저는 그냥 조용히 있었는데도 잘 넘어갔습니다. 히히.","terminate"
"문제가 반복적으로 발생했을 때 어떻게 개선했나요?","인턴십에서 API 서버가 종종 다운되는 문제가 있었습니다. 단순히 재부팅하는 대신 로그를 모아서 원인을 분석했고, 결국 DB 커넥션 풀 설정이 잘못된 걸 찾아냈습니다. 이후 커넥션 풀 크기를 조정해 같은 문제가 다시 발생하지 않았습니다.","continue"
"문제가 반복적으로 발생했을 때 어떻게 개선했나요?","똑같은 문제가 여러 번 생겼는데 그냥 참았어요. 시간이 지나면 언젠가 해결되겠지 생각했습니다.","terminate"
"업무 중 스트레스를 받을 때 어떻게 해소하나요?","저는 스트레스를 기록으로 풀어냅니다. 어떤 상황에서 힘들었는지 메모하고, 주말마다 이를 다시 보며 해결책을 고민합니다. 예를 들어 일정이 몰렸을 때 우선순위를 조정해 과부하를 줄였던 경험이 있습니다.","continue"
"업무 중 스트레스를 받을 때 어떻게 해소하나요?","게임하다 보면 다 잊혀집니다. 아니면 그냥 라면 먹고 잡니다. 사실 스트레스에 대해 깊게 생각하지 않아요.","terminate"
"본인의 장점을 한 가지 말씀해주세요.","저는 협업 과정에서 정리하는 역할을 자주 맡습니다. 실제로 학부 연구 프로젝트 때 버전 관리와 문서화를 책임졌는데, 덕분에 팀원들이 충돌 없이 코드를 작성할 수 있었고 효율도 높아졌습니다. 팀원들이 저를 신뢰한다는 점이 큰 장점이라고 생각합니다.","continue"
"본인의 장점을 한 가지 말씀해주세요.","제 장점은... 그냥 장점이 많아요. 뭐가 있을지 모르겠지만 아마 긍정적인 거겠죠. 하하.","terminate"
"고객의 불만을 접했을 때 어떻게 대처했나요?","CS 업무 중 반복되는 불만 유형을 정리하고 매뉴얼을 만들어 팀과 공유했습니다. 이후 같은 유형의 민원이 들어왔을 때 바로 매뉴얼대로 대응해 응답 속도를 단축할 수 있었고, 고객 만족도가 올라갔습니다.","continue"
"고객의 불만을 접했을 때 어떻게 대처했나요?","손님이 화내면 그냥 웃고 있었어요. 그러다 보면 알아서 조용해지시더라고요. 별다른 대책은 안 했습니다.","terminate"
"직무 역량을 향상시키기 위해 평소 어떤 노력을 하고 계신가요?","저는 매달 토이 프로젝트를 하나씩 진행합니다. 최근에는 유튜브 API를 활용해 인기 영상 데이터를 분석했고, 이를 블로그에 정리했습니다. 다른 개발자들의 피드백을 받으면서 개선할 점도 알게 되었습니다.","continue"
"직무 역량을 향상시키기 위해 평소 어떤 노력을 하고 계신가요?","히히 방학 때는 그냥 놀았어요. 어차피 나중에 배우면 되니까 지금은 쉬는 게 맞다고 생각했습니다.","terminate"
"시간이 부족한 프로젝트에서 어떻게 우선순위를 정하셨나요?","캡스톤 디자인 프로젝트에서 일정이 너무 촉박해 모든 기능을 구현하기 어려웠습니다. 그래서 팀원들과 기능을 Must/Should/Could로 나눠 핵심 기능만 집중하기로 했습니다. 저는 백엔드에서 결제 기능을 Must로 지정해 가장 먼저 구현했고, 덕분에 제한된 시간 안에도 시연 가능한 결과물을 만들 수 있었습니다.","continue"
"시간이 부족한 프로젝트에서 어떻게 우선순위를 정하셨나요?","그냥 다 같이 열심히 하자고 했습니다. 우선순위를 정하지 않아도 시간 맞으면 되겠지 했습니다. 결과는 대충 됐습니다. 히히.","terminate"
"처음 맡은 기술 스택이 낯설었을 때 어떻게 학습했나요?","React를 처음 쓸 때 공식 문서를 보면서 기본 개념을 익히고, 작은 컴포넌트를 직접 만들어 보았습니다. 특히 상태 관리가 어려워 Redux 예제를 따라 한 뒤, 팀 프로젝트에 바로 적용했습니다. 이 과정에서 문제를 구글링하며 해결한 경험이 지금도 많은 도움이 됩니다.","continue"
"처음 맡은 기술 스택이 낯설었을 때 어떻게 학습했나요?","처음 접했을 때 그냥 되는 대로 눌러봤습니다. 버튼도 누르고, 코드도 붙여넣고… 그러다 보면 언젠간 알게 되겠지 생각했습니다. 사실 아직도 잘 모릅니다.","terminate"
"기억에 남는 피드백이 있다면 말씀해주세요.","인턴 때 선배가 '네가 맡은 기능을 설명할 때 단순히 결과만 보여주지 말고, 과정과 수치를 같이 말하라'고 했습니다. 이후 발표 때 전환율, 에러율 같은 수치를 넣으니 팀의 이해도가 확연히 높아졌습니다. 이 피드백은 지금까지도 발표할 때 큰 도움이 됩니다.","continue"
"기억에 남는 피드백이 있다면 말씀해주세요.","예전에 그냥 더 적극적으로 하라는 얘기를 들었습니다. 근데 뭘 더 적극적으로 해야 하는지는 말씀 안 하셔서 잘 모르겠더라고요. 그래서 그냥 열심히 했습니다. 끝.","terminate"
"본인의 의사소통 방식은 어떤 편인가요?","저는 의견 충돌이 생기면 먼저 상대방의 이야기를 끝까지 듣고, 기록을 남긴 뒤 제 의견을 전달합니다. 예를 들어 API 설계에서 논쟁이 있었을 때 회의록을 정리해 근거를 제시했고, 결국 모두가 동의할 수 있는 결론에 도달했습니다.","continue"
"본인의 의사소통 방식은 어떤 편인가요?","상황 봐서 얘기하기도 하고 안 하기도 합니다. 뭐 대충 분위기 맞추면 되는 거 아닌가요? 히히.","terminate"
"기술 트렌드를 어떻게 따라가고 있나요?","저는 매주 기술 뉴스레터를 구독하고 있습니다. 최근에는 클라우드 보안 관련 기사를 읽고 관심이 생겨서, 사이드 프로젝트에 적용해봤습니다. 또 스터디 그룹을 통해 매달 한 번씩 새로운 프레임워크를 같이 실습하고 피드백을 주고받고 있습니다.","continue"
"기술 트렌드를 어떻게 따라가고 있나요?","트렌드요? 그냥 사람들이 얘기하는 거 들으면 아 그렇구나 하고 넘어갑니다. 직접 찾아보진 않아요. 사실 귀찮습니다.","terminate"
"팀워크를 발휘한 경험을 말씀해주세요.","교내 공모전에서 프론트엔드와 협업할 때 Git 충돌이 자주 났습니다. 제가 직접 Git 브랜치 전략을 정리해 공유했고, 이후 충돌이 크게 줄어들었습니다. 이 경험을 통해 협업 환경에서 규칙을 정하는 게 얼마나 중요한지 배웠습니다.","continue"
"팀워크를 발휘한 경험을 말씀해주세요.","저는 그냥 시키는 것만 했습니다. 친구들이 알아서 다 해서 저는 크게 할 게 없었어요. 어쨌든 프로젝트는 끝났습니다.","terminate"
"문제가 반복적으로 발생했을 때 어떻게 개선했나요?","인턴 중 서버 메모리 부족 현상이 자주 발생했습니다. 단순히 재부팅만 하던 걸, 모니터링 지표를 수집해 원인을 분석했습니다. 불필요한 캐시를 줄이고 쿼리를 최적화하니 같은 문제가 거의 발생하지 않았습니다.","continue"
"문제가 반복적으로 발생했을 때 어떻게 개선했나요?","똑같은 문제 반복되면 그냥 또 고치면 되지 않나요? 원인을 찾는 건 너무 힘들어서 포기했습니다. 그래서 계속 똑같은 문제가 나왔습니다.","terminate"
"고객의 불만을 접했을 때 어떻게 대처했나요?","CS 업무를 하면서 불만이 반복될 때마다 유형을 분류해 매뉴얼을 작성했습니다. 이 문서를 신입 직원들과 공유하니 응답 시간이 절반 이상 단축되었고, 고객 만족도도 올라갔습니다.","continue"
"고객의 불만을 접했을 때 어떻게 대처했나요?","날씨 얘기하면서 대충 분위기를 바꿨습니다. 손님이 화내면 그냥 웃고 넘어갔습니다. 해결은 못 했습니다.","terminate"
"직무 역량을 향상시키기 위해 평소 어떤 노력을 하고 계신가요?","저는 매달 하나씩 토이 프로젝트를 진행합니다. 최근에는 영화 추천 시스템을 만들어보고, 이를 블로그에 정리했습니다. 댓글로 받은 피드백을 반영하며 개선했습니다.","continue"
"직무 역량을 향상시키기 위해 평소 어떤 노력을 하고 계신가요?","히히 공부는 언젠가 하면 되니까 지금은 그냥 쉽니다. 나중에 회사 들어가면 알아서 배우겠죠.","terminate"
"직무 관련해서 따로 공부한 경험이 있나요?","히히 똥! 공부는 귀찮아서 안 했습니다. 그냥 운에 맡겼습니다.","terminate"
"직무 관련해서 따로 공부한 경험이 있나요?","인터넷에 다 있으니까 따로 공부 안 해도 된다고 생각했습니다. 구글이 제 교과서죠 하하.","terminate"
"이 직무를 선택한 계기는 무엇인가요?","날씨가 좋네! 그래서 그냥 기분 따라 개발자가 되기로 했습니다.","terminate"
"이 직무를 선택한 계기는 무엇인가요?","친구가 시켜서 선택했어요. 사실 제가 뭘 하고 있는지도 잘 모르겠어요.","terminate"
"기술 트렌드를 어떻게 따라가고 있나요?","요즘 유행은 SNS에서 다 보입니다. 굳이 공부할 필요 없다고 생각합니다. 밈만 보면 돼요.","terminate"
"기술 트렌드를 어떻게 따라가고 있나요?","어차피 다 빨리 바뀌니까 굳이 따라가려 하지 않습니다. 그냥 유튜브 알고리즘에 나오면 봅니다.","terminate"
"팀워크를 발휘한 경험을 말씀해주세요.","저는 혼자 하는 게 좋아서 팀워크는 해본 적 없습니다. 오히려 방해된다고 생각합니다.","terminate"
"팀워크를 발휘한 경험을 말씀해주세요.","히히 조별과제 때 아무것도 안 하고도 A+ 받았던 기억이 납니다. 그게 제 팀워크 경험입니다.","terminate"
"문제가 반복적으로 발생했을 때 어떻게 개선했나요?","에러가 나면 컴퓨터를 껐다 켰습니다. 근본적인 해결은 귀찮아서 안 했습니다.","terminate"
"문제가 반복적으로 발생했을 때 어떻게 개선했나요?","그냥 운에 맡기고 시간이 지나면 사라지길 바랐습니다. 개선은 안 했습니다.","terminate"
"고객의 불만을 접했을 때 어떻게 대처했나요?","손님이 화내면 그냥 조용히 도망갔습니다. 해결은 못 했습니다.","terminate"
"고객의 불만을 접했을 때 어떻게 대처했나요?","날씨 얘기로 돌리고 넘어갔습니다. 문제는 해결하지 않았습니다.","terminate"
"직무 역량을 향상시키기 위해 평소 어떤 노력을 하고 계신가요?","노력은 딱히 안 합니다. 그냥 시간이 해결해 주길 바랄 뿐입니다.","terminate"
"직무 역량을 향상시키기 위해 평소 어떤 노력을 하고 계신가요?","히히 공부는 재미없습니다. 그래서 안 합니다.","terminate"
"주어진 업무 외에 자발적으로 시도한 활동이 있다면 말씀해주세요.","지시받은 일 외에는 전혀 해본 게 없습니다. 그냥 시킨 것만 했습니다.","terminate"
"주어진 업무 외에 자발적으로 시도한 활동이 있다면 말씀해주세요.","게임하다가 시간 다 보내서 특별히 시도한 게 없습니다.","terminate"
"본인의 장점을 한 가지 말씀해주세요.","제 장점은… 글쎄요, 없는 것 같아요. 그냥 그런 사람입니다.","terminate"
"본인의 장점을 한 가지 말씀해주세요.","히히 저는 자주 늦는 게 특기입니다. 장점은 잘 모르겠습니다.","terminate"
"업무 중 스트레스를 받을 때 어떻게 해소하나요?","스트레스 받으면 그냥 화내고 끝납니다. 해소 방법은 없습니다.","terminate"
"업무 중 스트레스를 받을 때 어떻게 해소하나요?","날씨가 좋을 때만 기분이 풀립니다. 딱히 방법은 없습니다.","terminate"
"직무 관련해서 따로 공부한 경험이 있나요?","대학교 수업에서 데이터베이스를 배웠지만 실제로 어떻게 운영되는지는 감이 잘 안 왔습니다. 그래서 개인적으로 AWS RDS를 생성하고, Python으로 간단한 크롤러를 작성해 수집한 데이터를 DB에 넣어보는 프로젝트를 진행했습니다. 처음에는 보안 그룹 설정을 잘못해서 접속조차 되지 않았고, 연결이 되어도 인코딩 문제로 한글이 깨지는 등 여러 가지 문제가 있었습니다. 하지만 에러 로그를 보면서 하나씩 해결해 나갔고, 결국 안정적으로 데이터를 수집하고 시각화할 수 있었습니다. 이 경험을 통해 단순히 DB 문법을 아는 것에서 그치지 않고 실제 운영 환경에서 발생하는 문제를 스스로 해결하는 힘을 기를 수 있었습니다.","continue"
"이 직무를 선택한 계기는 무엇인가요?","저는 원래 사용자가 불편을 겪는 부분을 개선하는 데 관심이 많았습니다. 대학 시절 시각장애인을 위한 웹 접근성 프로젝트를 진행했는데, 단순히 기술적인 기능 구현을 넘어 실제 사용자들을 만나 인터뷰를 하면서 어떤 부분이 가장 불편한지를 확인했습니다. 이후 스크린 리더가 읽을 수 있도록 HTML 구조를 바꾸고, 대체 텍스트를 꼼꼼히 달아주었습니다. 프로젝트 종료 후 시각장애인 협회에서 직접 피드백을 받았는데, '이제는 정보 접근이 더 쉬워졌다'는 말을 들었을 때 굉장히 보람을 느꼈습니다. 이 경험이 계기가 되어, 제 개발 역량이 사회에 긍정적인 영향을 미칠 수 있다는 확신을 가지게 되었고 지금의 직무를 선택하게 되었습니다.","continue"
"기술 트렌드를 어떻게 따라가고 있나요?","저는 단순히 기사만 읽는 게 아니라 실제로 코드를 작성하면서 트렌드를 체득하려고 합니다. 예를 들어, 최근에 서버리스 아키텍처가 화제가 되었을 때 AWS Lambda와 DynamoDB를 이용해 간단한 투표 애플리케이션을 만들어봤습니다. 배포 과정에서 IAM 권한 설정 문제로 막히기도 했지만, 이를 해결하면서 클라우드 환경에서 보안이 얼마나 중요한지도 배웠습니다. 또, 기술 블로그에 그 과정을 정리해 공유했고 다른 개발자들로부터 피드백을 받으며 부족한 점을 보완할 수 있었습니다. 이렇게 '읽고-적용하고-공유하는' 과정을 통해 단순히 아는 것을 넘어서 실무에 활용 가능한 지식으로 바꾸고 있습니다.","continue"
"팀워크를 발휘한 경험을 말씀해주세요.","졸업 작품을 준비하면서 백엔드와 프론트엔드 간의 협업이 원활하지 않아 마감이 위태로웠던 적이 있었습니다. 당시 저는 팀장으로서 주 2회 정기 회의를 주도하며 각자 진행 상황을 점검하고, Trello를 활용해 할 일을 시각화했습니다. 특히 API 명세가 자주 바뀌는 문제가 있었는데, Swagger를 도입해 버전 관리를 체계적으로 하도록 했습니다. 결과적으로 불필요한 충돌이 줄었고, 프로젝트는 기한 내에 안정적으로 완성할 수 있었습니다. 이 경험을 통해 단순히 제 코드만 잘 작성하는 것이 아니라, 팀 전체의 효율을 높이는 역할이 중요하다는 것을 배웠습니다.","continue"
"문제가 반복적으로 발생했을 때 어떻게 개선했나요?","인턴십에서 API 서버가 간헐적으로 죽는 현상이 있었습니다. 초반에는 단순히 재부팅으로 해결했지만 같은 문제가 계속 반복되자, 로그를 수집하고 패턴을 분석했습니다. 그 결과 특정 시간대에 과도한 트래픽이 몰리면서 메모리 누수가 발생하는 것을 발견했습니다. 이를 해결하기 위해 캐시 전략을 도입하고 DB 쿼리를 최적화했습니다. 이후 같은 문제가 거의 발생하지 않았고, 서비스 가용성이 크게 개선되었습니다. 이 경험을 통해 문제 해결은 단순한 '대응'이 아니라, 원인을 정확히 찾아내고 구조적으로 바꿔야 한다는 점을 몸소 느꼈습니다.","continue"
"고객의 불만을 접했을 때 어떻게 대처했나요?","아르바이트로 CS 업무를 하던 시절, 동일한 유형의 불만이 자주 들어왔습니다. 예를 들어 특정 기능이 잘 작동하지 않는다는 불만이 반복되었는데, 단순히 사과만 하는 것이 아니라 어떤 상황에서 오류가 발생하는지 데이터를 모아 유형을 분류했습니다. 이후 매뉴얼을 제작해 팀 내에 공유했고, 그 결과 응답 속도가 크게 빨라졌습니다. 또한 개발팀에 해당 문제를 전달해 실제 기능 개선까지 이어졌습니다. 고객의 불만을 단순히 불편한 일로 생각하지 않고 개선의 기회로 활용하는 것이 얼마나 중요한지 깨달을 수 있었습니다.","continue"
"직무 역량을 향상시키기 위해 평소 어떤 노력을 하고 계신가요?","저는 매달 하나의 토이 프로젝트를 진행하면서 학습한 내용을 실전에 적용하려고 합니다. 예를 들어 최근에는 유튜브 API를 이용해 인기 영상 데이터를 수집하고, 이를 기반으로 추천 시스템을 만들어봤습니다. 단순히 구현에서 그치지 않고, 추천 정확도를 높이기 위해 다양한 알고리즘을 비교해 실험했습니다. 결과는 제 블로그에 정리했고, 다른 개발자들의 피드백을 받아 개선할 수 있었습니다. 이런 과정을 통해 제 역량을 객관적으로 점검하고 발전시킬 수 있었습니다.","continue"
"주어진 업무 외에 자발적으로 시도한 활동이 있다면 말씀해주세요.","인턴십에서 지시받은 업무 외에도 로그 데이터를 분석해 고객 유입 경로를 시각화한 리포트를 제작했습니다. 단순히 호기심에서 시작했는데, 이 자료가 팀 회의에서 마케팅 방향을 재정립하는 데 실제로 쓰였습니다. 덕분에 상사로부터 좋은 평가를 받았고, 제안이 실제 비즈니스 개선으로 이어지는 성과도 경험했습니다. 이 경험을 통해 단순히 시킨 일만 하는 것이 아니라, 스스로 문제를 정의하고 해결책을 제시하는 능력이 중요하다는 걸 배웠습니다.","continue"
"시간이 부족한 프로젝트에서 어떻게 우선순위를 정하셨나요?","캡스톤 프로젝트에서 기능 요구사항이 많아 기한 내 구현이 불가능했습니다. 그래서 팀원들과 긴급 회의를 열어 기능의 중요도를 평가했습니다. 필수적인 기능을 Must로 지정하고, 추가적인 기능은 Could로 분류했습니다. 저는 핵심 API를 맡아 집중적으로 개발했고, 나머지 팀원들은 부가 기능을 담당했습니다. 결과적으로 제한된 시간 안에도 시연 가능한 완성도를 확보할 수 있었고, 교수님으로부터 '현실적인 판단을 잘 했다'는 평가를 받았습니다.","continue"
"처음 맡은 기술 스택이 낯설었을 때 어떻게 학습했나요?","Spring Boot를 처음 접했을 때는 공식 문서를 처음부터 끝까지 읽으며 개념을 정리했습니다. 하지만 글로만 배우는 데 한계가 있어서, 직접 CRUD 게시판을 만들어 보았습니다. 에러가 날 때마다 구글링으로 해결했고, 모르는 부분은 선배에게 질문하며 이해했습니다. 특히 보안 설정 부분에서 어려움이 있었는데, 이를 해결하면서 인증·인가 개념을 확실히 익힐 수 있었습니다. 이후 다른 프로젝트에서 Spring Security를 적용하는 데 큰 도움이 되었습니다.","continue"
"기억에 남는 피드백이 있다면 말씀해주세요?","교수님께서 발표 준비를 하던 저에게 '결과만 말하지 말고 과정과 수치를 이야기하라'고 하신 적이 있습니다. 그 피드백을 반영해 이후 발표에서 사용자 증가율과 성능 개선율을 수치로 제시했더니 청중들의 이해도가 훨씬 높아졌습니다. 이 경험은 단순히 말솜씨가 아니라 근거를 갖춘 커뮤니케이션이 얼마나 중요한지 깨닫게 해줬습니다.","continue"
"본인의 의사소통 방식은 어떤 편인가요?","저는 협업 시 항상 메모를 하는 습관이 있습니다. 회의에서 나온 의견을 정리하고, 나중에 문서로 공유함으로써 오해를 줄였습니다. 실제로 졸업 프로젝트에서 이 방식을 활용했더니 팀원들이 '회의가 훨씬 효율적이고 투명해졌다'는 피드백을 줬습니다. 이런 방식이 제가 추구하는 의사소통의 핵심입니다.","continue"
"기술 트렌드를 어떻게 따라가고 있나요?","저는 단순히 새로운 기술을 보는 것에서 그치지 않고, 실제로 적용해 보는 것을 중요하게 생각합니다. 최근에는 컨테이너 기술이 화제가 되어 Docker와 Kubernetes를 직접 학습했습니다. 작은 웹 애플리케이션을 컨테이너화해 AWS EC2에 배포해봤고, 모니터링을 통해 리소스 사용량을 분석했습니다. 이 과정을 통해 최신 기술이 단순히 이론이 아니라 어떻게 운영 환경에 적용되는지 배울 수 있었습니다.","continue"
"팀워크를 발휘한 경험을 말씀해주세요?","교내 해커톤에서 팀 내 갈등이 발생했을 때 제가 중재자로 나섰습니다. 백엔드와 프론트엔드 간의 의견 충돌이 심했는데, 저는 양쪽의 요구사항을 정리한 후 우선순위를 정리했습니다. 이후 문서화된 요구사항을 바탕으로 협업이 이루어졌고, 프로젝트를 기한 내에 완성할 수 있었습니다. 이 경험을 통해 중재와 조율의 역할도 팀워크의 중요한 부분임을 깨달았습니다.","continue"
"문제가 반복적으로 발생했을 때 어떻게 개선했나요?","졸업 프로젝트에서 특정 API가 자주 실패하는 문제가 있었습니다. 처음에는 단순히 로그를 지우고 다시 실행했지만, 근본적인 해결이 필요하다고 느꼈습니다. 그래서 에러 로그를 체계적으로 수집하고, DB 인덱스 문제를 발견해 수정했습니다. 그 결과 성능이 크게 개선되었고, 같은 문제가 재발하지 않았습니다. 이 경험을 통해 문제 해결은 '원인 분석'이 가장 중요하다는 것을 알게 되었습니다.","continue"
"고객의 불만을 접했을 때 어떻게 대처했나요?","아르바이트 중 반복되는 불만 사항을 정리해 FAQ 문서를 만들었습니다. 이 문서를 팀에 공유하니 신입 직원들도 빠르게 대응할 수 있었고, 고객 응대 시간이 절반으로 줄었습니다. 또한 문제 내용을 개발팀에 전달해 실제 기능 개선으로 이어졌습니다. 고객의 불만을 단순히 처리하는 것이 아니라, 개선으로 연결시킨 경험이었습니다.","continue"
"직무 역량을 향상시키기 위해 평소 어떤 노력을 하고 계신가요?","저는 새로운 기술을 배우면 반드시 프로젝트에 적용해보려고 합니다. 최근에는 머신러닝을 공부하면서 영화 평점 예측 모델을 만들었고, 이를 웹 서비스로 배포했습니다. 학습 과정과 결과를 블로그에 기록했는데, 다른 개발자들로부터 피드백을 받아 성능을 개선할 수 있었습니다. 이렇게 학습-적용-공유의 사이클을 통해 제 역량을 꾸준히 높이고 있습니다.","continue"
"직무 관련해서 따로 공부한 경험이 있나요?","저는 데이터 분석 역량을 키우기 위해 Kaggle 대회에 참여한 경험이 있습니다. 처음에는 순위가 낮았지만, 문제 해결 방식을 분석하고 커뮤니티에서 공유된 커널을 참고하며 개선했습니다. 특히 피처 엔지니어링과 교차 검증 기법을 적용하면서 모델의 정확도를 끌어올렸습니다. 이 과정에서 단순히 코드를 따라 쓰는 게 아니라 왜 이런 방법을 쓰는지 이해하는 훈련을 할 수 있었습니다. 지금은 Kaggle 경험을 통해 실제 프로젝트에서도 데이터를 다루는 데 자신감을 가지게 되었습니다.","continue"
"이 직무를 선택한 계기는 무엇인가요?","대학교 3학년 때 현업 개발자 멘토링 프로그램에 참여했습니다. 당시 스타트업 CTO께서 '기술은 결국 사용자를 위한 것'이라는 말씀을 해주셨는데 큰 울림이 있었습니다. 이후 인턴십에서 실제로 고객 불편을 해결하는 기능을 만들면서 그 말이 사실임을 체감했습니다. 제가 만든 기능 덕분에 고객센터 문의가 줄어든 것을 보고 이 직무에서 일하고 싶다는 확신이 들었습니다.","continue"
"기술 트렌드를 어떻게 따라가고 있나요?","저는 기술 블로그를 꾸준히 정리하는 습관이 있습니다. 예를 들어 최근에는 LLM 관련 논문을 읽고, Hugging Face 라이브러리를 통해 직접 파인튜닝 실험을 해보았습니다. 이 과정을 블로그에 글로 남겼는데, 다른 개발자들이 댓글을 달아주면서 토론이 이루어졌습니다. 덕분에 제가 놓쳤던 관점도 배우게 되었고, 최신 기술을 더 깊이 이해할 수 있었습니다.","continue"
"팀워크를 발휘한 경험을 말씀해주세요?","교내 캡스톤 프로젝트에서 백엔드와 프론트엔드가 일정 문제로 갈등이 있었습니다. 저는 팀장으로서 상황을 조율하기 위해 매일 아침 스탠드업 미팅을 도입했습니다. 각자 진도를 공유하면서 문제를 빠르게 파악할 수 있었고, 긴급한 부분은 리소스를 재분배했습니다. 그 결과 프로젝트는 일정에 맞게 완성되었고, 팀원들 모두 만족스러운 결과를 낼 수 있었습니다.","continue"
"문제가 반복적으로 발생했을 때 어떻게 개선했나요?","이전 인턴십에서 배포 자동화 스크립트가 종종 실패했습니다. 원인을 파악하기 위해 로그를 수집하고 재현 환경을 만들었습니다. 문제는 환경 변수 설정이 일관되지 않아서 발생한 것이었고, 이를 표준화하면서 문제를 해결했습니다. 이후 같은 문제가 다시 발생하지 않았습니다. 단순히 문제를 '고치는' 데서 그치지 않고, 재발 방지를 위한 구조적 해결이 중요하다는 것을 배웠습니다.","continue"
"고객의 불만을 접했을 때 어떻게 대처했나요?","저는 고객 불만을 처리하면서 가장 중요한 것은 공감이라고 생각합니다. 인턴 당시 고객이 자주 불편을 호소하는 기능이 있었는데, 먼저 불편을 공감하고 다시 재현해본 후 개발팀에 구체적인 시나리오를 전달했습니다. 그 결과 버그가 수정되었고, 이후 동일한 불만이 크게 줄었습니다. 이 경험은 고객의 목소리를 단순히 대응이 아니라 개선의 출발점으로 삼아야 한다는 것을 깨닫게 해주었습니다.","continue"
"직무 역량을 향상시키기 위해 평소 어떤 노력을 하고 계신가요?","저는 한 달에 한 번씩 기술 블로그에 글을 쓰고 있습니다. 최근에는 Redis 캐싱 구조를 테스트한 내용을 정리했습니다. 단순히 성공 사례뿐만 아니라 실패 과정까지 기록하면서, 나중에 다시 참고할 수 있는 자료로 만들었습니다. 이 활동 덕분에 저 스스로 학습한 내용을 체계화할 수 있고, 다른 개발자와도 지식을 나눌 수 있었습니다.","continue"
"주어진 업무 외에 자발적으로 시도한 활동이 있다면 말씀해주세요?","인턴으로 일하던 회사에서 데이터 시각화 대시보드가 없다는 점이 아쉬웠습니다. 그래서 퇴근 후 시간을 내어 Python과 Tableau를 이용해 간단한 대시보드를 만들었습니다. 다음 날 팀장님께 보여드렸더니 실제로 팀에서 활용하게 되었고, 이후 정식 프로젝트로 확장되었습니다. 작은 아이디어였지만 실제로 팀에 기여할 수 있었던 소중한 경험이었습니다.","continue"
"시간이 부족한 프로젝트에서 어떻게 우선순위를 정하셨나요?","저는 짧은 기간에 많은 기능을 구현해야 할 때, 우선순위를 정하는 것이 가장 중요하다고 생각합니다. 교내 공모전에서 시간이 부족했을 때, 저와 팀원들은 사용자에게 직접적인 영향을 주는 기능만 먼저 구현하기로 했습니다. 부가적인 기능은 시연 후 추가하기로 계획했습니다. 이 방식 덕분에 심사위원들에게 긍정적인 평가를 받을 수 있었고, 실제로 최우수상을 수상했습니다.","continue"
"처음 맡은 기술 스택이 낯설었을 때 어떻게 학습했나요?","React를 처음 접했을 때 단순히 문서를 보는 것에서 그치지 않고, 작은 블로그 프로젝트를 만들어 보았습니다. 상태 관리나 라우팅에서 많은 오류를 겪었지만, 구글링과 커뮤니티 질문을 통해 해결했습니다. 특히 StackOverflow에서 받은 답변이 큰 도움이 되었습니다. 이 과정을 통해 새로운 기술을 익힐 때는 반드시 작은 프로젝트로 직접 경험해보는 게 중요하다는 것을 배웠습니다.","continue"
"기억에 남는 피드백이 있다면 말씀해주세요?","인턴십 기간 동안 코드 리뷰를 받을 때 '코드만 잘 짜는 것이 아니라, 다른 개발자가 읽기 쉽게 주석과 문서를 남겨야 한다'는 피드백을 받았습니다. 이후에는 함수 단위로 주석을 꼼꼼히 작성했고, 문서화 툴을 사용해 API 문서를 자동 생성했습니다. 그 결과 제 코드를 다른 개발자가 빠르게 이해할 수 있었고 협업 속도가 빨라졌습니다.","continue"
"본인의 의사소통 방식은 어떤 편인가요?","저는 커뮤니케이션에서 논리적인 구조를 중시합니다. 회의 때는 항상 배경 → 문제 → 해결책 순서로 의견을 전달했습니다. 실제로 프로젝트 중간 점검에서 이 방식을 활용했더니, 교수님과 팀원들이 제 의견을 쉽게 이해할 수 있었고, 불필요한 오해를 줄일 수 있었습니다.","continue"
"기술 트렌드를 어떻게 따라가고 있나요?","최근 클라우드 네이티브 기술이 대두되면서 쿠버네티스를 공부했습니다. 단순히 글로만 배우지 않고, 실제로 EC2에 클러스터를 구축해보았습니다. Pod가 죽었을 때 자동 복구되는 과정을 직접 확인하면서 왜 기업들이 이 기술을 도입하는지 이해할 수 있었습니다. 이후 블로그에 정리해 다른 학생들과 공유했습니다.","continue"
"팀워크를 발휘한 경험을 말씀해주세요?","저는 팀 내 갈등이 생겼을 때 중재자의 역할을 자주 했습니다. 졸업 프로젝트에서 프론트엔드와 백엔드 간의 의견 차이가 심했는데, 제가 회의록을 작성하고 요구사항을 정리했습니다. 이후 명확한 기준을 기반으로 개발이 진행되자 갈등이 줄었고, 팀 전체가 프로젝트에 집중할 수 있었습니다.","continue"
"문제가 반복적으로 발생했을 때 어떻게 개선했나요?","학부 연구 프로젝트에서 서버가 자주 다운되는 문제가 있었습니다. 단순히 재부팅으로 해결하지 않고, 모니터링 툴을 도입해 CPU 사용량을 체크했습니다. 그 결과 특정 연산 과정에서 병목이 발생한다는 것을 알았고, 이를 개선했습니다. 이후 서비스 안정성이 크게 향상되었습니다.","continue"
"고객의 불만을 접했을 때 어떻게 대처했나요?","저는 고객의 불만을 해결하는 데 있어 가장 중요한 것은 '경청'이라고 생각합니다. 알바 시절 고객의 말을 끝까지 듣고 공감한 뒤, 문제를 실제로 해결하기 위해 관리자와 함께 대응했습니다. 그 결과 불만이 오히려 긍정적인 리뷰로 이어진 경험이 있습니다.","continue"
"직무 역량을 향상시키기 위해 평소 어떤 노력을 하고 계신가요?","저는 온라인 강의로 배우는 데서 그치지 않고, 반드시 프로젝트로 검증하려고 합니다. 최근에는 FastAPI로 REST API 서버를 만들었고, Docker로 배포까지 해봤습니다. 단순히 기능 구현이 아니라 CI/CD 파이프라인까지 구성하면서 실무에 가까운 경험을 쌓았습니다.","continue"
"주어진 업무 외에 자발적으로 시도한 활동이 있다면 말씀해주세요?","학과에서 운영하는 동아리에서 정기적으로 세미나를 열었는데, 저는 발표자를 자원해 발표 자료를 만들었습니다. 단순히 공부한 내용을 나누는 것이 아니라, 실제 코드를 시연하면서 다른 사람들의 질문에 답했습니다. 이 활동을 통해 지식을 나누며 제 역량도 강화할 수 있었습니다.","continue"
"직무 관련해서 따로 공부한 경험이 있나요?","저는 네트워크 보안에 관심이 많아 별도로 CCNA 교재를 독학했습니다. 단순히 이론을 보는 것에서 그치지 않고, Packet Tracer를 이용해 직접 라우터와 스위치를 설정해보았습니다. 설정이 꼬여서 한동안 통신이 되지 않았지만, 다시 기초부터 확인하며 문제를 해결했습니다. 이 경험 덕분에 네트워크 지식이 실제 서비스 안정성에 얼마나 중요한지 깨닫게 되었습니다.","continue"
"이 직무를 선택한 계기는 무엇인가요?","대학교 4학년 때 스타트업에서 인턴을 했습니다. 그때 고객 피드백을 기반으로 서비스를 개선하는 과정을 경험했는데, 작은 기능 하나가 사용자 만족도를 크게 높일 수 있다는 것을 알게 되었습니다. 특히 제가 맡은 기능이 배포된 후 실제 사용량이 증가하는 것을 보면서 이 직무에서 일하고 싶다는 확신을 얻었습니다.","continue"
"기술 트렌드를 어떻게 따라가고 있나요?","저는 기술 뉴스레터와 세미나를 적극적으로 활용합니다. 최근에는 DevOps 관련 웨비나에 참석해 CI/CD 파이프라인 구축 사례를 배웠습니다. 이후 제 개인 프로젝트에 Jenkins를 적용해 자동 배포 환경을 만들었고, 이를 통해 배포 효율성을 크게 높일 수 있었습니다.","continue"
"팀워크를 발휘한 경험을 말씀해주세요?","졸업 프로젝트에서 역할 분담이 제대로 되지 않아 일정이 지연될 위기였습니다. 저는 GitHub 프로젝트 보드를 만들어 할 일을 시각화했고, 매주 체크리스트를 기반으로 진행 상황을 점검했습니다. 이 과정에서 팀원들이 자신의 진도를 명확히 알 수 있었고, 결과적으로 기한 내에 프로젝트를 완성할 수 있었습니다.","continue"
"문제가 반복적으로 발생했을 때 어떻게 개선했나요?","학교 연구실에서 서버 과부하 문제가 반복되었습니다. 단순히 재부팅하는 것이 아니라, 모니터링 로그를 분석해 특정 시간대 트래픽이 몰리는 것을 발견했습니다. 이를 해결하기 위해 캐시 서버를 도입했고, 서버 안정성이 크게 개선되었습니다.","continue"
"고객의 불만을 접했을 때 어떻게 대처했나요?","아르바이트를 할 때 고객의 불만을 단순히 사과로 끝내지 않았습니다. 고객이 어떤 상황에서 불편을 겪었는지 재현해보고, 그 내용을 문서화해 매니저에게 전달했습니다. 이후 해당 기능이 개선되었고, 고객 불만 건수가 크게 줄었습니다.","continue"
"직무 역량을 향상시키기 위해 평소 어떤 노력을 하고 계신가요?","저는 학습한 내용을 체계적으로 정리하는 습관을 가지고 있습니다. 예를 들어 머신러닝 알고리즘을 공부한 뒤에는 Kaggle 대회에 적용해보고, 결과와 배운 점을 블로그에 정리했습니다. 이 과정을 통해 단순히 아는 것을 넘어서 실무에서 활용할 수 있는 지식으로 발전시킬 수 있었습니다.","continue"
"주어진 업무 외에 자발적으로 시도한 활동이 있다면 말씀해주세요?","교내 프로젝트를 진행할 때 UI 디자인에 아쉬움이 있었습니다. 개발자임에도 불구하고 스스로 Figma를 공부해 프로토타입을 만들어 팀원들과 공유했습니다. 그 결과 최종 산출물이 훨씬 깔끔해졌고, 팀원들에게 좋은 피드백을 받았습니다.","continue"
"시간이 부족한 프로젝트에서 어떻게 우선순위를 정하셨나요?","저는 기능의 우선순위를 정할 때 항상 사용자의 입장에서 생각하려고 합니다. 캡스톤 프로젝트 당시 시간 부족으로 모든 기능을 구현하기 어려웠습니다. 그래서 사용자가 직접 경험할 핵심 기능만 우선 구현했고, 부가 기능은 발표 이후 보완했습니다. 그 덕분에 제한된 시간에도 완성도 있는 결과물을 낼 수 있었습니다.","continue"
"처음 맡은 기술 스택이 낯설었을 때 어떻게 학습했나요?","Spring Boot를 처음 사용할 때는 공식 문서를 중심으로 공부했습니다. 이후에는 간단한 블로그 애플리케이션을 직접 만들어보며 CRUD 기능과 보안 설정을 익혔습니다. 에러가 발생했을 때는 구글링과 StackOverflow를 적극 활용했고, 이를 통해 빠르게 문제를 해결할 수 있었습니다.","continue"
"기억에 남는 피드백이 있다면 말씀해주세요?","인턴십 당시 코드 리뷰에서 '가독성을 높이는 것이 유지보수에 중요하다'는 피드백을 받았습니다. 이후에는 변수명과 함수명을 더 직관적으로 작성하고, 주석을 꼼꼼히 달았습니다. 그 결과 제 코드를 다른 개발자가 쉽게 이해할 수 있었고 협업 효율이 크게 향상되었습니다.","continue"
"본인의 의사소통 방식은 어떤 편인가요?","저는 의견을 전달할 때 근거를 제시하는 것을 중요하게 생각합니다. 예를 들어 프로젝트에서 기술 스택 선택 논의가 있을 때, 단순히 제안을 던지는 것이 아니라 성능 비교 자료와 벤치마크 결과를 근거로 설명했습니다. 덕분에 팀원들이 제 의견을 신뢰하고 쉽게 받아들일 수 있었습니다.","continue"
"기술 트렌드를 어떻게 따라가고 있나요?","저는 최근 AI 관련 논문을 스터디 그룹에서 같이 읽고 있습니다. 단순히 읽는 것에 그치지 않고, 논문 속 모델을 실제 구현해보려고 노력합니다. 이렇게 팀원들과 토론하며 이해한 내용을 적용하다 보니 트렌드를 더 깊이 있게 따라갈 수 있었습니다.","continue"
"팀워크를 발휘한 경험을 말씀해주세요?","교내 공모전에서 발표 준비가 미흡하다는 지적이 있었습니다. 저는 발표 자료를 맡아 데이터 시각화를 강화하고, 연습 시간을 늘렸습니다. 발표 당일 팀원들과 역할 분담이 잘 되어 심사위원으로부터 긍정적인 피드백을 받을 수 있었습니다.","continue"
"문제가 반복적으로 발생했을 때 어떻게 개선했나요?","개발 중 로그인이 자주 실패하는 문제가 있었습니다. 단순히 에러 메시지를 무시하지 않고, 로그를 분석해 세션 만료 로직의 문제를 발견했습니다. 이후 리프레시 토큰을 도입해 문제를 해결했고, 같은 문제가 반복되지 않았습니다.","continue"
"고객의 불만을 접했을 때 어떻게 대처했나요?","아르바이트 경험에서 반복적으로 제기되는 불만을 정리해 FAQ 문서를 작성했습니다. 이 자료를 신입 직원들과 공유해 응대 속도를 높였고, 고객 만족도 조사에서 긍정적인 평가가 증가했습니다.","continue"
"직무 역량을 향상시키기 위해 평소 어떤 노력을 하고 계신가요?","저는 사이드 프로젝트를 통해 실무 감각을 유지합니다. 최근에는 React와 Spring Boot를 연동한 풀스택 프로젝트를 진행했고, 이를 Docker로 배포했습니다. 배포 과정에서 여러 오류를 경험했지만, 그 과정에서 얻은 지식이 실제 실무에서도 유용할 것이라 확신합니다.","continue"
"주어진 업무 외에 자발적으로 시도한 활동이 있다면 말씀해주세요?","인턴십 때 팀 내 문서 정리가 잘 되지 않아 비효율이 많았습니다. 그래서 제가 자발적으로 위키를 만들어 문서를 정리했고, 이후 팀원들이 쉽게 참고할 수 있었습니다. 이 작은 시도가 팀의 효율을 크게 높였습니다.","continue"
"직무 관련해서 따로 공부한 경험이 있나요?","저는 공부라는 게 꼭 교재를 보거나 프로젝트를 해야 하는 것만은 아니라고 생각합니다. 평소에 유튜브를 보면서도 이게 직무 관련 공부라고 생각하고, 블로그를 읽을 때도 그냥 눈으로 슥 보고 넘어가도 다 머릿속에 들어간다고 믿습니다. 그래서 따로 기록하거나 정리하지는 않지만, 제 방식대로 충분히 배우고 있다고 생각합니다. 사실 이렇게 자연스럽게 습득하는 게 더 오래 간다고 믿어요. 그래서 깊이 있는 공부는 안 했습니다.","terminate"
"이 직무를 선택한 계기는 무엇인가요?","살다 보니 여러 길이 있잖아요. 처음에는 교사가 되고 싶다가, 또 다른 때는 사업가가 되고 싶기도 했습니다. 하지만 결국 개발자라는 게 안정적이고 요즘 핫하니까 괜찮겠다 싶었고, 여러 사람들이 추천해주기도 했습니다. 사실 정확히 어떤 일을 하는지는 잘 모르지만, 일단 도전해보면 언젠가 잘 되지 않을까 싶습니다. 그래서 뚜렷한 계기라기보다는 여러 이유가 섞여서 그냥 이 직무를 선택했다고 말할 수 있을 것 같습니다.","terminate"
"기술 트렌드를 어떻게 따라가고 있나요?","트렌드를 따라간다기보다 요즘은 트렌드가 저를 따라온다고 생각합니다. 예를 들어, 제가 쓰는 SNS 피드에 이미 최신 기술 이야기들이 막 올라오기 때문에 따로 노력을 할 필요가 없습니다. 그리고 뉴스레터나 블로그 같은 건 구독해놓고 잘 보지 않지만, 제목만 봐도 대충 무슨 얘긴지 알 수 있습니다. 사실 요즘 기술이라는 게 너무 빨리 바뀌니까 깊게 파고들어도 금방 옛날 게 되잖아요. 그래서 그냥 흐름만 느끼는 게 제 방식입니다.","terminate"
"팀워크를 발휘한 경험을 말씀해주세요?","저는 사실 팀워크라고 할 만한 건 잘 모르겠지만, 조별과제 같은 데서 다 같이 모여서 발표 준비했던 기억은 있습니다. 물론 저는 크게 기여한 건 없었고, 다른 팀원들이 열심히 해서 자연스럽게 완성이 되었던 것 같습니다. 그래서 제 팀워크 경험이라고 하면 그냥 그 자리에 있었다는 정도밖에 없습니다. 하지만 그런 것도 경험이라고 할 수 있지 않을까요?","terminate"
"문제가 반복적으로 발생했을 때 어떻게 개선했나요?","개선을 했다기보다는, 사실 문제라는 게 계속 반복되면 그냥 익숙해지잖아요. 저도 몇 번 같은 문제가 생기다 보니까 그냥 그러려니 하고 넘어갔습니다. 꼭 해결해야 할 필요는 없다고 생각했고, 언젠가 상황이 바뀌면 사라지지 않을까 싶었습니다. 그래서 특별히 개선이라고 할 만한 걸 한 적은 없습니다.","terminate"
"고객의 불만을 접했을 때 어떻게 대처했나요?","고객 불만이라는 게 다 비슷비슷하지 않습니까. 사실 다 들어주다 보면 끝이 없고, 모든 걸 해결할 수도 없죠. 그래서 저는 그냥 적당히 고개 끄덕이고 죄송하다고 말한 다음, 시간이 지나면 자연스럽게 잊히길 바랐습니다. 고객이 화를 내셔도 금방 잊어버리니까 저도 같이 잊는 게 가장 좋은 방법이었습니다. 그래서 딱히 대처라고 할 건 없습니다.","terminate"
"직무 역량을 향상시키기 위해 평소 어떤 노력을 하고 계신가요?","노력이라고 할 수 있을지 모르겠지만, 저는 평소에 다양한 글을 많이 읽습니다. 꼭 기술 글이 아니어도 자기계발서나 잡지 같은 걸 보면서도 다 도움이 된다고 생각합니다. 사실 기술적인 건 너무 금방 바뀌니까 깊이 파는 게 무슨 의미가 있을까 싶습니다. 그래서 그냥 넓게 얕게 이것저것 보는 게 제 전략입니다. 구체적인 사례는 딱히 떠오르진 않네요.","terminate"
"주어진 업무 외에 자발적으로 시도한 활동이 있다면 말씀해주세요?","자발적인 활동이라고 하긴 애매한데, 그냥 회사에서 일하다가 시간이 남으면 인터넷 서핑을 했습니다. 그 과정에서 여러 가지 흥미로운 글도 보고, 새로운 아이디어를 떠올린 적도 있기는 합니다. 하지만 실제로 뭔가 성과로 이어지거나 구체적으로 프로젝트를 만든 건 없습니다. 그래도 저는 이런 것도 나름의 자발적 활동이라고 생각합니다.","terminate"
"시간이 부족한 프로젝트에서 어떻게 우선순위를 정하셨나요?","우선순위라는 건 사실 상황에 따라 계속 바뀌는 거라 딱히 정한 건 없습니다. 그때그때 급한 일을 먼저 했고, 나머지는 그냥 시간이 남으면 처리했습니다. 특별히 체계적으로 한 건 없었고, 자연스럽게 흘러가듯 진행되다 보니 어떻게든 완성은 됐습니다. 그래서 구체적인 방법은 없습니다.","terminate"
"처음 맡은 기술 스택이 낯설었을 때 어떻게 학습했나요?","사실 새로운 기술을 접했을 때 크게 공부를 하지 않았습니다. 그냥 다른 사람들이 해놓은 코드를 보고 따라 치다 보면 언젠가는 알게 되겠지 싶었습니다. 에러가 나도 대충 복붙해서 해결했기 때문에 깊이 있게 알게 되지는 않았습니다. 그래서 제 방식은 체계적이지 않고, 그냥 경험으로만 배우는 거라고 할 수 있습니다.","terminate"
"기억에 남는 피드백이 있다면 말씀해주세요?","기억에 남는 피드백이라고 하면 사실 다 비슷비슷한 얘기였습니다. 열심히 하라, 조금 더 적극적으로 하라, 이런 얘기들이 대부분이었는데 구체적으로 어떻게 하라는 건 없었습니다. 그래서 그냥 듣고 넘어갔고, 특별히 인상 깊거나 제 행동이 바뀌는 계기는 되지 않았습니다.","terminate"
"본인의 의사소통 방식은 어떤 편인가요?","저는 딱히 의사소통 방식을 정해놓지는 않았습니다. 상황에 따라 말하기도 하고, 그냥 넘어가기도 합니다. 그래서 어떤 방식이라고 설명하기도 어렵습니다. 대화라는 게 어차피 사람마다 다 다르니까 맞춰가면 된다고 생각합니다. 그래서 특별히 제 스타일이라고 할 것도 없습니다.","terminate"
"기술 트렌드를 어떻게 따라가고 있나요?","트렌드를 따라간다고 할 만한 건 사실 없습니다. 그냥 주변 사람들이 얘기하는 거 들으면 '아 요즘 그런 게 있구나' 하고 넘깁니다. 직접 찾아보거나 적용한 적은 없습니다. 그래서 깊이 있는 지식은 없지만, 그래도 대충 아는 정도는 된다고 생각합니다.","terminate"
"팀워크를 발휘한 경험을 말씀해주세요?","팀워크라고 하기엔 애매하지만, 조별과제에서 다른 팀원들이 열심히 해서 자연스럽게 프로젝트가 끝난 적이 있습니다. 저는 크게 한 게 없지만, 결과적으로 좋은 성적을 받았으니 그것도 팀워크 덕분이라고 할 수 있겠죠. 그래서 제 경험은 그냥 팀이 잘 굴러갔던 정도입니다.","terminate"
"문제가 반복적으로 발생했을 때 어떻게 개선했나요?","개선이라기보다 그냥 적응했다고 말하는 게 맞습니다. 반복되는 문제가 있으면 처음엔 불편했지만 점점 익숙해졌고, 나중에는 크게 신경 쓰지 않게 되었습니다. 그래서 딱히 해결책을 마련하지 않았습니다. 그게 제 방식입니다.","terminate"
"고객의 불만을 접했을 때 어떻게 대처했나요?","불만을 접했을 때 그냥 죄송하다고 말하고 넘어갔습니다. 구체적으로 문제를 해결하지는 않았습니다. 고객이 계속 불평하면 그냥 무시하기도 했습니다. 그렇게 시간이 지나면 결국 조용해졌습니다.","terminate"
"직무 역량을 향상시키기 위해 평소 어떤 노력을 하고 계신가요?","노력을 했다고 말하기 어려운데, 그냥 일하다 보면 자연스럽게 배우는 게 있다고 생각합니다. 따로 공부를 하거나 프로젝트를 진행하지는 않았습니다. 그래서 특별히 말할 게 없습니다.","terminate"
"주어진 업무 외에 자발적으로 시도한 활동이 있다면 말씀해주세요?","자발적으로 무언가를 시도한 경험은 솔직히 없습니다. 주어진 일만 해도 벅찼고, 그걸 하는 것만으로도 충분하다고 생각했습니다. 그래서 새로운 시도를 하진 않았습니다.","terminate"
"시간이 부족한 프로젝트에서 어떻게 우선순위를 정하셨나요?","사실 우선순위를 정할 필요가 없다고 생각했습니다. 그냥 닥치는 대로 하다 보면 언젠가는 끝나니까요. 그래서 특별히 전략을 세우지 않았습니다.","terminate"
"직무 관련해서 따로 공부한 경험이 있나요?","공부라는 게 꼭 책상에 앉아서만 하는 건 아니라고 봅니다. 저는 그냥 살면서 얻는 모든 게 공부라고 생각합니다. 굳이 무슨 교재를 붙잡고 있거나 프로젝트를 억지로 할 필요가 없어요. 인터넷만 켜면 세상 모든 정보가 다 나오는데 그걸 굳이 따로 정리해야 할까요? 사실 그런 거 하는 사람들 보면 오히려 비효율적이라고 생각합니다. 그래서 저는 그냥 자연스럽게 습득하는 게 제 공부 방식이고, 그게 더 현명한 방법이라고 봅니다.","terminate"
"이 직무를 선택한 계기는 무엇인가요?","솔직히 말해서 이 직무를 선택한 특별한 계기 같은 건 없습니다. 다들 괜찮다니까 그냥 괜찮겠거니 한 거죠. 요즘 세상에 뭔 직무 선택을 계기 따지면서 합니까? 결국 중요한 건 먹고사는 거고, 돈 벌 수 있으면 되는 거 아닌가요. 그래서 뭐 거창한 이유는 없고 그냥 무난해서 고른 겁니다. 이런 걸 굳이 대단한 이유로 포장할 필요는 없다고 봅니다.","terminate"
"기술 트렌드를 어떻게 따라가고 있나요?","트렌드라는 게 사실 금방 바뀌어서 따라가는 게 무슨 의미가 있나 싶습니다. 오늘의 최신 기술이 내일은 구식이 되고, 다들 그걸 맹목적으로 쫓아가죠. 저는 굳이 그런 유행 따라잡기보다는 그냥 제가 필요할 때 필요한 기술을 배우는 게 맞다고 생각합니다. 누가 뭐라 하든 제 방식이 더 합리적이라고 믿습니다.","terminate"
"팀워크를 발휘한 경험을 말씀해주세요?","팀워크라는 말 자체가 좀 과장된 거라고 봅니다. 결국 다 각자 자기 할 일만 하면 되는 거지, 괜히 팀워크 어쩌고저쩌고 하면서 미사여구 붙이는 게 오히려 피곤합니다. 제가 했던 경험이라고 해도 그냥 주어진 몫 했고, 나머지는 팀원들이 알아서 한 겁니다. 그걸 굳이 팀워크라고 포장해야 한다면야 하겠지만, 솔직히 말해 필요 이상으로 미화하는 거죠.","terminate"
"문제가 반복적으로 발생했을 때 어떻게 개선했나요?","솔직히 같은 문제가 계속 생긴다고 매번 개선할 필요는 없다고 봅니다. 사람들은 문제를 해결해야 한다고 강박을 가지는데, 저는 오히려 적응하는 게 더 현명하다고 생각합니다. 어차피 또 다른 문제가 생길 거고, 그럼 또 반복이죠. 끝도 없는 싸움이에요. 그래서 저는 굳이 개선보다는 그냥 받아들이는 게 더 효율적이라고 생각합니다.","terminate"
"고객의 불만을 접했을 때 어떻게 대처했나요?","고객 불만이란 게 사실 끝이 없습니다. 한 사람 해결해주면 또 다른 사람이 나타나고, 그렇게 계속 불평만 합니다. 그래서 저는 그냥 적당히 들어주고 넘기는 게 낫다고 봅니다. 모든 걸 다 해결하려는 게 오히려 비효율적이에요. 고객이 불만을 가지는 건 당연한 거고, 그걸 완벽히 없애려는 시도 자체가 시간 낭비라고 생각합니다.","terminate"
"직무 역량을 향상시키기 위해 평소 어떤 노력을 하고 계신가요?","노력이라는 단어 자체가 좀 과대평가된 것 같네요. 다들 무슨 대단한 자기계발 하는 척하지만, 결국 실제로는 그게 얼마나 도움이 되나요? 저는 그냥 주어진 일 하면서 자연스럽게 배우는 게 가장 효율적이라고 생각합니다. 억지로 공부하고 억지로 프로젝트 하는 게 오히려 시간 낭비 아닌가요. 제 방식이 더 현실적이라고 생각합니다.","terminate"
"주어진 업무 외에 자발적으로 시도한 활동이 있다면 말씀해주세요?","자발적으로 뭘 한다는 게 꼭 좋은 건 아니라고 생각합니다. 주어진 일만 제대로 해도 충분히 벅찬데, 굳이 더 하겠다고 덤비는 건 오히려 비효율적이죠. 괜히 괜찮은 척, 열정적인 척 하는 것 같아서 별로입니다. 저는 필요할 때만 움직이는 게 가장 합리적이라고 생각합니다.","terminate"
"시간이 부족한 프로젝트에서 어떻게 우선순위를 정하셨나요?","시간이 부족하다면 그냥 되는 대로 하는 거지, 뭘 또 거창하게 우선순위를 정합니까. 급한 건 알아서 눈에 보이게 되어 있고, 안 중요한 건 당연히 미뤄지는 거죠. 그게 자연스러운 건데 다들 괜히 시스템화하려고 애씁니다. 사실 그런 거 다 보여주기용이에요.","terminate"
"처음 맡은 기술 스택이 낯설었을 때 어떻게 학습했나요?","새로운 기술이 낯설다고 다들 호들갑을 떨던데, 솔직히 그럴 필요 없다고 봅니다. 그냥 구글 검색 몇 번 하면 다 해결되는데 뭘 또 정식으로 공부합니까. 다 인터넷에 있는데 그걸 안 보고 힘들게 책 잡고 앉아 있는 게 더 비효율적이죠. 저는 제 방식이 훨씬 빠르고 합리적이라고 생각합니다.","terminate"
"기억에 남는 피드백이 있다면 말씀해주세요?","피드백이라는 게 다 비슷비슷합니다. 좀 더 열심히 해라, 더 적극적으로 해라, 이런 뻔한 말들이 대부분이죠. 그런 얘기 들어도 사실 달라지는 건 별로 없습니다. 그래서 저는 피드백을 굳이 중요하게 생각하지 않습니다. 제 방식대로 하는 게 결국 제일 맞는 방법이니까요.","terminate"
"본인의 의사소통 방식은 어떤 편인가요?","솔직히 의사소통이라는 게 그렇게 대단한 건 아니라고 봅니다. 그냥 말할 때 하고, 안 할 때 안 하면 되는 거지. 괜히 형식적으로 논리적이네 뭐네 포장하는 건 시간 낭비라고 생각합니다. 저는 필요한 순간에만 얘기하고, 나머지는 굳이 얘기하지 않습니다. 그게 제 방식입니다.","terminate"
"기술 트렌드를 어떻게 따라가고 있나요?","트렌드? 다 거품이라고 봅니다. 다들 최신 기술 얘기하면서 유행 쫓아가는데, 정작 실무에서는 몇 년 된 기술들이 아직도 메인으로 쓰이고 있죠. 저는 그런 거 보면서 최신 트렌드라는 게 얼마나 허망한지 느꼈습니다. 그래서 굳이 쫓아가지 않습니다.","terminate"
"팀워크를 발휘한 경험을 말씀해주세요?","팀워크라고 포장하지만 사실 다들 자기 할 일만 하면 되는 겁니다. 괜히 모여서 회의만 길게 하고, 문서만 잔뜩 만들고… 그런 게 진짜 팀워크라고 생각한다면 오히려 비효율이죠. 저는 차라리 각자 자기 몫만 알아서 하는 게 제일 낫다고 생각합니다.","terminate"
"문제가 반복적으로 발생했을 때 어떻게 개선했나요?","개선이란 게 꼭 필요한 건 아니라고 봅니다. 반복된다는 건 그만큼 익숙하다는 거고, 익숙해지면 더 이상 문제라고 생각할 필요도 없는 거죠. 그래서 저는 개선보다는 그냥 무시하고 지나가는 게 맞다고 봅니다.","terminate"
"고객의 불만을 접했을 때 어떻게 대처했나요?","불만이라는 건 당연히 생길 수밖에 없는 거고, 그걸 다 맞춰주려고 하는 건 무리라고 생각합니다. 그래서 저는 그냥 적당히 맞장구 치고 넘어갑니다. 고객이 원하는 걸 다 들어줄 필요는 없으니까요. 사실 그런 거에 일일이 신경 쓰는 건 낭비입니다.","terminate"
"직무 역량을 향상시키기 위해 평소 어떤 노력을 하고 계신가요?","노력을 한다고 해도 결국은 상황 따라 변하는 거라 큰 의미 없다고 봅니다. 다들 무슨 열정적으로 공부한다느니 프로젝트 한다느니 하는데, 결국 오래 못 갑니다. 저는 그런 거 보여주기식 노력보다는 그냥 상황에 맞게 자연스럽게 배우는 게 더 맞다고 생각합니다.","terminate"
"주어진 업무 외에 자발적으로 시도한 활동이 있다면 말씀해주세요?","자발적으로 뭔가 한다는 게 사실 좀 오버라고 생각합니다. 주어진 일만 잘해도 충분히 힘든데, 굳이 더 하려고 애쓰는 건 오히려 무리죠. 저는 그런 거 안 합니다. 필요할 때만 하고, 아니면 안 하는 게 제 방식입니다.","terminate"
"시간이 부족한 프로젝트에서 어떻게 우선순위를 정하셨나요?","우선순위라는 게 꼭 필요한 건지 잘 모르겠어요. 그냥 급한 일은 급한 대로 하고, 나머지는 미뤄두면 되는 거 아닌가요. 다들 시스템적으로 뭘 정하려고 하는데, 사실 다 쓸데없는 절차라고 봅니다. 저는 그런 거 안 해도 충분히 결과는 나온다고 생각합니다.","terminate"
"처음 맡은 기술 스택이 낯설었을 때 어떻게 학습했나요?","새로운 기술을 접했을 때는 그냥 인터넷 검색 몇 번 하고, 예제 코드 몇 개 돌려보는 정도로 충분하다고 생각합니다. 굳이 깊게 파고들 필요는 없고, 필요한 부분만 빠르게 익히면 되는 거죠. 그래서 저는 그렇게 간단하게 접근합니다.","terminate""직무 관련해서 따로 공부한 경험이 있나요?","솔직히 말해서 굳이 따로 시간을 들여 공부를 해야 하나 싶습니다. 인터넷에 자료 다 있는데 그걸 다 외우고 정리하는 게 무슨 의미가 있겠습니까. 필요하면 검색해서 쓰면 되는 거고, 괜히 효율 떨어뜨리는 짓은 안 합니다. 그래서 따로 공부한 경험은 없습니다.","terminate"
"직무 관련해서 따로 공부한 경험이 있나요?","대학교 때 웹 크롤링에 관심이 생겨 Python으로 작은 프로젝트를 진행했습니다. 처음에는 단순히 특정 웹사이트 데이터를 긁어오는 정도였지만, 점점 데이터 정제와 저장, 시각화까지 확장했습니다. 이 과정을 통해 단순히 코드 작성이 아니라 데이터 파이프라인을 설계하는 감각을 키울 수 있었습니다.","continue"
"이 직무를 선택한 계기는 무엇인가요?","솔직히 요즘 잘 나가는 분야니까 선택한 겁니다. 다들 좋다니까 그냥 좋은 줄 알고 따라온 거지, 무슨 대단한 이유가 있겠어요. 어차피 직무 선택이 인생을 다 결정해주지도 않잖아요.","terminate"
"이 직무를 선택한 계기는 무엇인가요?","대학 시절 시각장애인을 위한 웹 접근성 프로젝트를 경험하면서 개발자로서 사회적 가치를 창출할 수 있다는 점에 큰 매력을 느꼈습니다. 사용자 피드백을 직접 반영해 개선하는 과정을 통해 이 직무를 진지하게 선택하게 되었습니다.","continue"
"기술 트렌드를 어떻게 따라가고 있나요?","트렌드라 해봤자 금방 사라지는 유행 아닙니까. 오늘 떠들던 게 내일은 묻히고, 그런 걸 굳이 따라가는 게 무슨 소용이 있겠습니까. 저는 그냥 필요한 순간 오면 배우면 된다고 생각합니다.","terminate"
"기술 트렌드를 어떻게 따라가고 있나요?","저는 최신 기술을 따라가되 단순히 읽는 것에서 멈추지 않고 직접 적용해보려고 합니다. 최근에는 Kubernetes를 학습하면서 실제 클러스터를 구축해 서비스 배포를 시도했고, 운영 과정에서 발생하는 문제를 해결하면서 깊이 이해할 수 있었습니다.","continue"
"팀워크를 발휘한 경험을 말씀해주세요?","팀워크라는 게 사실 별 게 없죠. 다들 자기 할 일만 제대로 하면 되는 건데, 괜히 회의니 뭐니 시간만 잡아먹는 게 오히려 더 비효율적이라고 봅니다.","terminate"
"팀워크를 발휘한 경험을 말씀해주세요?","졸업 프로젝트에서 프론트엔드와 백엔드 간 충돌이 심했습니다. 저는 양쪽 입장을 문서화해 회의록으로 정리했고, 우선순위를 협의해 API 명세를 표준화했습니다. 덕분에 충돌이 줄어들고 기한 내 프로젝트를 완성할 수 있었습니다.","continue"
"문제가 반복적으로 발생했을 때 어떻게 개선했나요?","반복되면 그냥 익숙해지면 되는 거 아닙니까? 굳이 개선할 필요가 없다고 생각합니다. 시간 들여봐야 또 다른 문제가 생길 텐데요.","terminate"
"문제가 반복적으로 발생했을 때 어떻게 개선했나요?","인턴십 중 로그 수집 서버가 자주 다운되는 문제가 있었습니다. 단순히 재부팅으로 대응하지 않고, 원인을 파악해보니 특정 시간대 과도한 트래픽으로 인한 메모리 누수였습니다. 이를 해결하기 위해 캐시 전략을 도입했고, 재발을 막을 수 있었습니다.","continue"
"고객의 불만을 접했을 때 어떻게 대처했나요?","고객 불만이야 끝도 없는데 뭐하러 다 들어줍니까. 적당히 고개 끄덕이고 넘어가면 되는 거지, 그걸 하나하나 다 해결해주려는 게 오히려 시간 낭비입니다.","terminate"
"고객의 불만을 접했을 때 어떻게 대처했나요?","아르바이트 경험에서 반복되는 불만 사항을 분석해 FAQ 문서를 만들고 팀에 공유했습니다. 덕분에 응대 시간이 절반으로 줄었고, 고객 만족도도 크게 개선되었습니다.","continue"
"직무 역량을 향상시키기 위해 평소 어떤 노력을 하고 계신가요?","솔직히 노력한다고 다 해결되는 것도 아니고, 그냥 일하다 보면 자연스럽게 배우는 거죠. 괜히 보여주기식으로 공부한다고 떠드는 건 시간 낭비라고 생각합니다.","terminate"
"직무 역량을 향상시키기 위해 평소 어떤 노력을 하고 계신가요?","저는 매달 토이 프로젝트를 진행하면서 새로운 기술을 실전에 적용해봅니다. 예를 들어 최근에는 FastAPI로 REST API 서버를 개발하고 Docker로 배포까지 해보며 실무 감각을 익혔습니다.","continue"
"주어진 업무 외에 자발적으로 시도한 활동이 있다면 말씀해주세요?","자발적인 거요? 솔직히 시킨 일만 해도 벅찬데 뭘 더 하겠습니까. 오히려 괜히 나대다가 문제 생기는 게 더 많다고 봅니다.","terminate"
"주어진 업무 외에 자발적으로 시도한 활동이 있다면 말씀해주세요?","인턴십 때 로그 데이터를 기반으로 유입 경로를 시각화한 리포트를 제작했습니다. 지시받은 일은 아니었지만 팀에서 실제로 활용되며 마케팅 전략 개선에 기여할 수 있었습니다.","continue"
"시간이 부족한 프로젝트에서 어떻게 우선순위를 정하셨나요?","솔직히 말해서 우선순위 같은 건 없습니다. 그냥 닥치는 대로 하면 다 해결됩니다. 괜히 시스템화하는 게 오히려 비효율이죠.","terminate"
"시간이 부족한 프로젝트에서 어떻게 우선순위를 정하셨나요?","캡스톤 프로젝트에서 MoSCoW 기법을 적용해 핵심 기능을 Must로 지정하고 부가 기능을 Could로 분류했습니다. 덕분에 제한된 시간 안에도 완성도 있는 결과를 낼 수 있었습니다.","continue"
"리더십을 발휘한 경험을 말씀해주세요.","동아리 프로젝트에서 팀장이었는데, 개발 일정이 자꾸 밀렸습니다. 저는 먼저 업무를 작은 단위로 쪼개서 Trello로 관리했고, 매일 15분씩만 점검 미팅을 했습니다. 덕분에 팀원들이 부담 없이 진행 상황을 공유할 수 있었고, 일정 지연이 크게 줄었습니다.","continue"
"리더십을 발휘한 경험을 말씀해주세요.","저는 리더라는 게 굳이 필요 없다고 생각합니다. 그냥 다들 자기 할 일만 하면 되지, 제가 뭘 더 하거나 주도할 필요는 없었습니다. 그래서 딱히 리더십을 발휘한 경험은 없습니다.","terminate"
"실패했던 경험과 그것을 어떻게 극복했는지 말씀해주세요.","졸업 프로젝트 당시 처음 만든 모델이 정확도가 60%밖에 나오지 않았습니다. 저는 데이터를 다시 분석해 불필요한 변수를 제거했고, 교차 검증 기법을 적용했습니다. 결국 정확도가 85%까지 올라갔고, 이 과정을 통해 실패를 단순한 좌절이 아니라 개선의 기회로 삼는 법을 배웠습니다.","continue"
"실패했던 경험과 그것을 어떻게 극복했는지 말씀해주세요.","사실 실패라고 할 만한 경험은 잘 기억이 안 납니다. 그냥 잘 안 되면 포기하고 다른 거 하면 되지 않나요? 굳이 실패를 붙잡고 있을 필요가 없다고 생각합니다.","terminate"
"가장 성취감을 느꼈던 경험은 무엇인가요?","인턴십에서 신규 기능 QA 자동화 스크립트를 만들었는데, 배포 과정에서 사람이 하던 테스트가 3일 걸리던 게 6시간으로 단축되었습니다. 제 스크립트가 실제로 팀 생산성에 영향을 준 걸 보고 큰 성취감을 느꼈습니다.","continue"
"가장 성취감을 느꼈던 경험은 무엇인가요?","저는 그냥 매일 하는 일도 다 성취라고 생각합니다. 사실 딱 하나를 고르라고 하면 떠오르는 게 없네요. 뭐든 다 소중하니까요.","terminate"
"협업 중 갈등을 해결했던 경험을 말씀해주세요.","대외 프로젝트에서 디자이너와 개발자 간 마찰이 있었습니다. 저는 양쪽의 요구사항을 정리해 문서로 만들고, 우선순위를 함께 합의했습니다. 결국 서로 만족하는 수준의 결과물이 나왔고, 갈등도 자연스럽게 해소되었습니다.","continue"
"협업 중 갈등을 해결했던 경험을 말씀해주세요.","솔직히 갈등이 있으면 그냥 싸워서 이기면 됩니다. 저는 제 의견이 맞다고 생각했고, 그래서 밀어붙였는데 결국 제 방식대로 진행됐습니다. 그게 해결이라고 할 수 있죠.","terminate"
"직무관련해서따로공부한경험이있나요?","인턴십때데이터전처리과정이반복적으로어려워PythonPandas심화과정을독학했습니다.단순히강의만듣는게아니라,Kaggle데이터를직접다뤄보며효율적인처리방법을익혔습니다.이경험덕분에이후프로젝트에서도데이터를빠르게정리할수있었고,팀속도를크게높일수있었습니다.","continue"
"직무관련해서따로공부한경험이있나요?","필요하면검색하고,아니면안합니다.세상모든게인터넷에있는데굳이따로정리하거나공부할필요가없다고생각합니다.","terminate"
"이직무를선택한계기는무엇인가요?","대학교3학년때사회적약자를위한서비스개발프로젝트를진행했습니다.시각장애인사용자와직접소통하며만든기능이실제로도움이되는걸보고큰보람을느꼈습니다.그경험을계기로사용자중심서비스를만들고싶어이직무를선택했습니다.","continue"
"이직무를선택한계기는무엇인가요?","요즘잘나가니까선택한겁니다.다들좋다니까그냥좋은줄알고왔습니다.","terminate"
"기술트렌드를어떻게따라가고있나요?","저는매주기술뉴스레터와블로그를읽고,읽은내용을토이프로젝트에바로적용합니다.최근에는서버리스아키텍처를AWSLambda로실험해보며배포자동화를경험했습니다.이과정을블로그에정리해다른사람들과도공유했습니다.","continue"
"기술트렌드를어떻게따라가고있나요?","트렌드는금방바뀌어서따라갈필요가없다고생각합니다.필요할때배우면됩니다.","terminate"
"팀워크를발휘한경험을말씀해주세요?","캡스톤프로젝트에서팀원간업무충돌이발생했을때,저는회의록을정리하고일정관리툴을도입했습니다.각자역할을명확히한다음매주리뷰시간을가졌고,덕분에프로젝트를기한내에성공적으로완성할수있었습니다.","continue"
"팀워크를발휘한경험을말씀해주세요?","솔직히말하면그냥조별과제에서남들이다했습니다.저는그냥같이이름올린정도였습니다.","terminate"
"문제가반복적으로발생했을때어떻게개선했나요?","인턴십당시배포스크립트오류가반복적으로발생했습니다.원인을추적해보니환경변수불일치가문제였습니다.이를표준화하고문서화해공유하면서더이상같은문제가발생하지않았습니다.","continue"
"문제가반복적으로발생했을때어떻게개선했나요?","반복되면그냥적응하면됩니다.익숙해지면문제도아닌거죠.","terminate"
"고객의불만을접했을때어떻게대처했나요?","CS업무를맡았을때반복되는불만유형을수집해유형별매뉴얼을만들었습니다.이후응대속도가빨라졌고,고객만족도조사에서점수가크게올랐습니다.","continue"
"고객의불만을접했을때어떻게대처했나요?","불만은끝도없으니그냥대충사과하고넘어갔습니다.","terminate"
"직무역량을향상시키기위해평소어떤노력을하고계신가요?","저는한달에한번씩토이프로젝트를하고기술블로그에글을작성합니다.최근에는FastAPI기반API서버를만들고Docker로배포했습니다.이과정을통해실무배포흐름을익혔습니다.","continue"
"직무역량을향상시키기위해평소어떤노력을하고계신가요?","노력은따로안합니다.일하다보면배우게되는거니까요.","terminate"
"주어진업무외에자발적으로시도한활동이있다면말씀해주세요?","인턴십당시로그데이터를분석해유입경로를시각화한리포트를자발적으로제작했습니다.이자료가팀내마케팅전략회의에서활용되며긍정적인평가를받았습니다.","continue"
"주어진업무외에자발적으로시도한활동이있다면말씀해주세요?","자발적으로한건없습니다.시킨일만했습니다.","terminate"
"시간이부족한프로젝트에서어떻게우선순위를정하셨나요?","교내공모전당시시간이부족했습니다.저는MoSCoW기법을적용해필수기능만먼저구현하고부가기능은발표후보완했습니다.덕분에최소기능제품을완성할수있었습니다.","continue"
"시간이부족한프로젝트에서어떻게우선순위를정하셨나요?","닥치는대로그냥했습니다.굳이우선순위를정할필요가없다고생각합니다.","terminate"
"처음맡은기술스택이나설었을때어떻게학습했나요?","React를처음접했을때,공식문서를기반으로간단한블로그프로젝트를구현했습니다.상태관리와라우팅과정에서많은에러를겪었지만,이를구글링과커뮤니티질문을통해해결했습니다.덕분에실제프로젝트에빠르게적응할수있었습니다.","continue"
"처음맡은기술스택이나설었을때어떻게학습했나요?","대충남이해놓은코드복붙했습니다.그러다보면언젠가는알게되겠지싶었습니다.","terminate"
"기억에남는피드백이있다면말씀해주세요?","인턴십당시'결과를수치로표현하라'는피드백을받았습니다.이후프로젝트마다성과를KPI로정리했고,덕분에제보고가훨씬설득력을가지게되었습니다.","continue"
"기억에남는피드백이있다면말씀해주세요?","열심히하라는얘기만들었습니다.다들하는말이라그냥흘려들었습니다.","terminate"
"본인의의사소통방식은어떤편인가요?","저는논리적구조와근거를바탕으로의견을전달하려고합니다.예를들어회의에서기술선택을논의할때,성능비교자료를근거로설명해팀이빠르게합의할수있었습니다.","continue"
"본인의의사소통방식은어떤편인가요?","상황따라다릅니다.말할때도있고안할때도있습니다.","terminate"
"리더십을발휘한경험을말씀해주세요?","동아리에서팀장을맡아프로젝트를진행했을때,일정이자주밀리는문제가있었습니다.저는업무를세분화하고매일15분씩짧은회의를도입해진행상황을공유했습니다.그결과팀생산성이눈에띄게좋아졌습니다.","continue"
"리더십을발휘한경험을말씀해주세요?","리더십같은건필요없다고봅니다.다들자기할일만하면됩니다.","terminate"
"실패했던경험과그것을어떻게극복했는지말씀해주세요?","졸업프로젝트에서모델성능이기준치에미치지못했습니다.저는피처엔지니어링과교차검증을적용하며개선했고,최종적으로목표성능을달성했습니다.이과정에서실패가오히려성장의기회가될수있다는걸배웠습니다.","continue"
"실패했던경험과그것을어떻게극복했는지말씀해주세요?","실패하면그냥포기하고다른걸하면되죠.굳이잡고있을필요가있나요?","terminate"
"가장성취감을느꼈던경험은무엇인가요?","인턴십에서QA자동화스크립트를작성해테스트기간을3일에서6시간으로단축했습니다.제기여가팀생산성에실질적으로도움이된다는걸체감하며큰성취감을느꼈습니다.","continue"
"가장성취감을느꼈던경험은무엇인가요?","매일하는일들이다성취라서딱하나는못고르겠습니다.","terminate"
"협업중갈등을해결했던경험을말씀해주세요?","산학협력프로젝트에서디자이너와개발자간의견충돌이있었습니다.저는요구사항을문서로정리하고우선순위를합의해갈등을해결했습니다.결과적으로더나은결과물이나올수있었습니다.","continue"
"협업중갈등을해결했던경험을말씀해주세요?","솔직히갈등은그냥제가밀어붙이면해결됩니다.결국제의견대로되는게맞다고생각합니다.","terminate"
"장기적인커리어목표가무엇인가요?","저는단기적으로는풀스택개발자로역량을쌓고,장기적으로는기술리더가되어팀전체의성과를끌어올리고싶습니다.이를위해매년기술블로그와토이프로젝트를진행하며학습을이어가고있습니다.","continue"
"장기적인커리어목표가무엇인가요?","솔직히목표는없습니다.그냥주어지는대로살려고합니다.","terminate"
"업무중스트레스를받을때어떻게해소하나요?","저는스트레스수준을자가측정해서記録합니다.업무강도가높아질때는짧게산책하거나명상을통해리듬을조절했고,효과적인휴식방법을찾으면서번아웃을예방할수있었습니다.","continue"
"업무중스트레스를받을때어떻게해소하나요?","그냥참습니다.어쩔수없는거니까요.","terminate"
"문제가발생했을때해결했던사례를말씀해주세요?","인턴십당시서버응답지연문제가발생했습니다.저는APM툴을활용해병목지점을분석했고,쿼리를최적화해평균응답시간을1/3으로줄였습니다.이과정을통해문제해결능력을실제프로젝트에서발휘할수있었습니다.","continue"
"문제가발생했을때해결했던사례를말씀해주세요?","문제생기면대충구글검색하면다나옵니다.","terminate"
"자신의장점은무엇이라고생각하나요?","저는정리정돈에강합니다.실제팀프로젝트에서도Git브랜치전략과문서정리를도맡아진행했고,이를통해팀원전체가작업흐름을쉽게파악할수있었습니다.","continue"
"자신의장점은무엇이라고생각하나요?","장점이라…그냥열심히하는거?","terminate"
"자신의단점은무엇이라고생각하나요?","처음에는완벽주의적성향이있어작업속도가느렸습니다.하지만이를보완하기위해업무를단계별로쪼개고마감기한을엄격히지키도록노력하면서현재는큰약점이아니게되었습니다.","continue"
"자신의단점은무엇이라고생각하나요?","단점은없습니다.완벽합니다.","terminate"
"본인이주도적으로일을진행했던경험을말씀해주세요?","교내프로젝트에서팀장이부재중이었을때,저는직접업무를재분배하고일정을관리했습니다.그결과일정이던져지지않고계획대로완료되었습니다.","continue"
"본인이주도적으로일을진행했던경험을말씀해주세요?","저는주도적으로한적없습니다.주면하는거죠.","terminate"
"데이터를활용해문제를해결한경험이있나요?","인턴십에서로그데이터를분석해트래픽패턴을발견했습니다.이결과를바탕으로캐싱전략을적용해서응답속도가30%개선되었습니다.","continue"
"데이터를활용해문제를해결한경험이있나요?","데이터는잘안써봤습니다.","terminate"
"어떤피드백이성장에영향을주었나요?","멘토에게‘추상적설명보다수치화된성과를말하라’는피드백을받았습니다.이후프로젝트보고서마다정량적지표를포함했고,설득력이크게올랐습니다.","continue"
"어떤피드백이성장에영향을주었나요?","피드백은귀찮아서잘안들었습니다.","terminate"
"시간관리방법은무엇인가요?","저는GoogleCalendar와Trello를병행해서사용합니다.매일아침할일을리스트업하고,중요도와긴급도를기준으로우선순위를정리해왔습니다.","continue"
"시간관리방법은무엇인가요?","그냥급하면빨리합니다.","terminate"
"협업할때본인이신경쓰는부분은무엇인가요?","상대방의전문분야와업무스케줄을먼저이해하려합니다.덕분에용어를맞추고효율적으로커뮤니케이션할수있었습니다.","continue"
"협업할때본인이신경쓰는부분은무엇인가요?","상대방생각은잘안합니다.제일중요한건제일이니까요.","terminate"
"커리어에서가장도전적이었던경험은무엇인가요?","서비스기획과프론트개발을동시에맡아야했던경험이있습니다.저는우선순위를정리하고병목을조율하며일정을조정했습니다.결과적으로프로젝트를제시간에완수했습니다.","continue"
"커리어에서가장도전적이었던경험은무엇인가요?","아르바이트때바쁠때혼자일한적있습니다.","terminate"
"최근관심있게본기술이나이슈가있나요?","대형언어모델이개인정보보호와관련해윤리적논란이되는과정을깊이조사했습니다.관련논문과토론을읽으며기술과사회적책임의관계를이해하게되었습니다.","continue"
"최근관심있게본기술이나이슈가있나요?","AI가핫하다고뉴스에서봤습니다.","terminate"
"기억에남는프로젝트는무엇인가요?","장애인웹접근성개선프로젝트를진행하며실제사용자의피드백을받아UI를수정했습니다.이과정을통해기술이사회적가치를만드는것을실감했습니다.","continue"
"기억에남는프로젝트는무엇인가요?","특별히없습니다.","terminate"
"이전조직에서배운가장큰교훈은무엇인가요?","불명확한지시를받았을때바로실행하기보다먼저의도를확인하고질문하는것이중요하다는걸배웠습니다.이후업무효율이크게올랐습니다.","continue"
"이전조직에서배운가장큰교훈은무엇인가요?","사람들과잘지내는게중요하다는걸배웠습니다.","terminate"
"업무속도보다중요한것이있다고생각하나요?","저는안정성과재사용성이속도보다중요하다고생각합니다.실제프로젝트에서도빠르게코드작성하다생긴버그를재설계로잡은후그중요성을깨달았습니다.","continue"
"업무속도보다중요한것이있다고생각하나요?","속도가제일중요합니다.빨리하는게답입니다.","terminate"
"새로운기술을배울때어떤방식을사용하시나요?","저는공식문서기반으로튜토리얼을따라하며,작은프로젝트를만들어직접적용합니다.이과정을통해실전감각을쌓고실패를경험하며빠르게학습했습니다.","continue"
"새로운기술을배울때어떤방식을사용하시나요?","문서안봅니다.그냥남들코드복붙하면됩니다.","terminate"
"팀목표달성을위해희생했던경험이있나요?","프로젝트마감일에백엔드서버가불안정해밤새모니터링과수정을했습니다.개인일정을희생했지만팀전체목표달성에기여할수있었습니다.","continue"
"팀목표달성을위해희생했던경험이있나요?","희생은별로안좋아합니다.굳이할필요없다고생각합니다.","terminate"
"자신의가치관과업무스타일에대해말씀해주세요?","저는투명성과협업을중요하게생각합니다.항상작업로그를남기고진행상황을공유하며신뢰를쌓아왔습니다.","continue"
"자신의가치관과업무스타일에대해말씀해주세요?","성실함이제일중요하다고생각합니다.","terminate"
"새로운아이디어를팀에제안했던경험이있나요?","인턴십때CI/CD파이프라인자동화아이디어를제안했습니다.직접PoC를구현해팀에공유했고,도입후배포시간이절반으로단축되었습니다.","continue"
"새로운아이디어를팀에제안했던경험이있나요?","아이디어제안같은거안합니다.괜히귀찮아집니다.","terminate"
"동료와意見이달랐을때어떻게대처했나요?","동료와API구조를두고意見충돌이있었지만,저는벤치마킹자료와테스트데이터를준비해설득했습니다.결과적으로객관적근거를기반으로의견을합칠수있었습니다.","continue"
"동료와意見이달랐을때어떻게대처했나요?","그냥제의견밀어붙입니다.그게맞다고생각합니다.","terminate"
"가장어려웠던프로젝트는무엇이었나요?","졸업프로젝트에서IoT센서를활용한실시간데이터수집플랫폼을구현했습니다.센서데이터가불안정해수많은에러로그를분석하고보정알고리즘을적용했습니다.이과정을통해문제상황에서끈기를가지고해결하는능력을얻었습니다.","continue"
"가장어려웠던프로젝트는무엇이었나요?","다어려웠습니다.기억안나요.","terminate"
"본인이팀에기여한경험을말씀해주세요?","인턴십때팀내코드리뷰프로세스가없어버그가자주발생했습니다.제가직접리뷰체크리스트를만들고도입했습니다.그결과버그가30%감소했고코드품질이안정화되었습니다.","continue"
"본인이팀에기여한경험을말씀해주세요?","딱히기여한건없습니다.주면그냥했습니다.","terminate"
"새로운도전을시도했던경험이있나요?","저는동아리에서해커톤에처음참가했습니다.낯선환경에서48시간동안팀과몰입해서비스를완성했고,이과정에서적응력과협업능력을키웠습니다.","continue"
"새로운도전을시도했던경험이있나요?","도전은잘안합니다.안정적인게좋습니다.","terminate"
"피드백을받았을때어떻게대응하나요?","저는피드백을받으면즉시메모하고실제업무에반영합니다.특히'커뮤니케이션을간결하게하라'는조언을받은후보고서형식을개선했고,팀장이큰만족을표했습니다.","continue"
"피드백을받았을때어떻게대응하나요?","귀찮아서잘안듣습니다.듣고말죠.","terminate"
"본인의가장큰성취는무엇인가요?","졸업논문에서머신러닝모델을개발해국내학회에서우수논문상을받았습니다.데이터수집부터모델최적화까지직접진행했고,성과를인정받은경험이큰자신감이되었습니다.","continue"
"본인의가장큰성취는무엇인가요?","특별히없습니다.","terminate"
"주도적으로문제를발견한경험을말씀해주세요?","인턴십당시트래픽급증으로서버가잦은지연을겪었습니다.모니터링도구를활용해문제를발견했고,캐싱구조를적용하자지연시간이절반이되었습니다.","continue"
"주도적으로문제를발견한경험을말씀해주세요?","문제발견은보통남들이합니다.저는따라갑니다.","terminate"
"효율적으로일을처리했던경험을말씀해주세요?","저는업무자동화스크립트를작성해수작업시간을하루3시간에서30분으로단축했습니다.팀원들도적극적으로활용하며생산성이높아졌습니다.","continue"
"효율적으로일을처리했던경험을말씀해주세요?","효율적인거잘모릅니다.그냥하면됩니다.","terminate"
"동기부여를어떻게유지하시나요?","저는단기목표와장기목표를모두설정합니다.작은성과를기록해동기를유지하고,장기적으로는개발리더가되는비전을마음에두고노력합니다.","continue"
"동기부여를어떻게유지하시나요?","동기부여필요없습니다.그냥살아갑니다.","terminate"
"갈등을극복한경험을말씀해주세요?","팀원간코드스타일갈등이있었습니다.저는린트도구를도입하고팀내규칙을정리했습니다.객관적인기준이생기면서갈등이자연스럽게사라졌습니다.","continue"
"갈등을극복한경험을말씀해주세요?","갈등은싸우면됩니다.제가이기면끝납니다.","terminate"
"리더로서가장중요하다고생각하는가치는무엇인가요?","저는투명성과책임감을중요하게생각합니다.팀원들과항상일정을공유하며,문제가생기면리더로서책임지고해결했습니다.","continue"
"리더로서가장중요하다고생각하는가치는무엇인가요?","리더는권위가중요합니다.다들말잘들어야됩니다.","terminate"
"새로운기술을빠르게습득했던사례를말씀해주세요?","ReactNative를처음배웠을때,공식문서와커뮤니티예제를활용해일주일만에간단한앱을구현했습니다.실패와수정을반복하며빠르게적응할수있었습니다.","continue"
"새로운기술을빠르게습득했던사례를말씀해주세요?","빠르게배운적없습니다.보통느립니다.","terminate"
"협업중본인의역할은주로무엇이었나요?","저는백엔드담당으로API설계와문서화를맡았습니다.명확한명세덕분에프론트엔드와의충돌이줄었고,협업효율이크게올랐습니다.","continue"
"협업중본인의역할은주로무엇이었나요?","딱히역할없었습니다.그냥보조했습니다.","terminate"
"실패에서얻은교훈이있나요?","서비스런칭시버그가발생했을때,테스트케이스부족이문제였습니다.이후모든기능에단위테스트를추가했고,실수에서배운교훈을팀과공유했습니다.","continue"
"실패에서얻은교훈이있나요?","교훈은없습니다.그냥실패했죠.","terminate"
"사용자중심의개발을경험한적이있나요?","저는장애인사용자테스트를직접진행하며UI를개선했습니다.실제사용자의의견을반영하자만족도가눈에띄게향상되었습니다.","continue"
"사용자중심의개발을경험한적이있나요?","사용자생각안합니다.개발자가알아서합니다.","terminate"
"본인의가장큰강점은무엇인가요?","저는문서화와정리에강합니다.항상회의록을정리해팀원들과공유하며,정보전달이명확하게이뤄지도록했습니다.","continue"
"본인의가장큰강점은무엇인가요?","강점은모르겠습니다.별로없는거같습니다.","terminate"
"압박속에서일한경험이있나요?","해커톤48시간동안잠을줄여개발했지만,업무를분배하고역할을명확히하며마감에맞출수있었습니다.","continue"
"압박속에서일한경험이있나요?","압박받으면못합니다.그냥망합니다.","terminate"
"새로운아이디어를도입해본경험이있나요?","사내프로젝트에서코드리뷰자동화툴을제안하고직접구현했습니다.덕분에리뷰시간이단축되고품질이상승했습니다.","continue"
"새로운아이디어를도입해본경험이있나요?","아이디어낸적없습니다.","terminate"
"개발자로서가장중요한가치가무엇이라고생각하나요?","저는협업과효율을중요하게생각합니다.항상작업로그를남기고커뮤니케이션을명확히하려고노력합니다.","continue"
"개발자로서가장중요한가치가무엇이라고생각하나요?","돈버는게중요합니다.가치는잘모르겠습니다.","terminate"
"학습을지속하기위해하는노력은무엇인가요?","저는매주기술블로그를읽고한달에한번토이프로젝트를진행합니다.이과정을통해새로운지식을실제에적용하며배워왔습니다.","continue"
"학습을지속하기위해하는노력은무엇인가요?","굳이학습은안합니다.필요없습니다.","terminate"
